msas-15-7-1 | Michael Atiyah | http://academic.research.microsoft.com/Author/2652594/michael-atiyah | organization:University of Edinburgh
msas-15-7-2 | Godfrey Harold Hardy | http://academic.research.microsoft.com/Author/240967/godfrey-harold-hardy | organization:University of Cambridge
msas-15-7-3 | Bela Bollobas (Béla Bollobás) | http://academic.research.microsoft.com/Author/129247/bela-bollobas | organization:University of Cambridge
msas-15-7-4 | Paul Erdos (Paul Erdös) | http://academic.research.microsoft.com/Author/1112639/paul-erdos | organization:University of Cambridge
msas-15-7-5 | Noga Alon | http://academic.research.microsoft.com/Author/103630/noga-alon | organization:Tel Aviv University
msas-15-7-6 | Paul D. Seymour | http://academic.research.microsoft.com/Author/333576/paul-d-seymour | organization:Princeton University
msas-15-7-7 | Marc Yor | http://academic.research.microsoft.com/Author/1077880/marc-yor | organization:Pierre and Marie Curie University
msas-15-7-8 | David W. Rees | http://academic.research.microsoft.com/Author/1273267/david-w-rees | organization:University of Glamorgan
msas-15-7-9 | Harold J. Kushner | http://academic.research.microsoft.com/Author/444988/harold-j-kushner | organization:Brown University
msas-15-7-10 | Nathan Linial | http://academic.research.microsoft.com/Author/2403517/nathan-linial | organization:Hebrew University of Jerusalem
msas-15-7-11 | Laszlo Lovasz (László Lovász) | http://academic.research.microsoft.com/Author/615494/laszlo-lovasz | organization:Eotvos Lorand University (University of Budapest)
msas-15-7-12 | Yuval Peres | http://academic.research.microsoft.com/Author/178564/yuval-peres | organization:Microsoft
msas-15-7-13 | Harald Niederreiter | http://academic.research.microsoft.com/Author/2056105/harald-niederreiter | organization:National University of Singapore
msas-15-7-14 | John Frank Charles Kingman | http://academic.research.microsoft.com/Author/1023092/john-frank-charles-kingman | organization:Isaac Newton Institute for Mathematical Sciences
msas-15-7-15 | Peter Hall | http://academic.research.microsoft.com/Author/128303/peter-hall | organization:University of Melbourne
msas-15-7-16 | Peter Frankl (Péter Frankl) | http://academic.research.microsoft.com/Author/1526998/peter-frankl | organization:Hungarian Academy of Sciences
msas-15-7-17 | Jim Pitman | http://academic.research.microsoft.com/Author/385666/jim-pitman | organization:University of California Berkeley
msas-15-7-18 | R. Tyrrell Rockafellar | http://academic.research.microsoft.com/Author/957265/r-tyrrell-rockafellar | organization:University of Washington
msas-15-7-19 | V. A. Solonnikov | http://academic.research.microsoft.com/Author/7595754/v-a-solonnikov | organization:Russian Academy of Sciences
msas-15-7-20 | Charles Alfred Coulson (C. A. Coulson) | http://academic.research.microsoft.com/Author/18057810/charles-alfred-coulson | organization:University of Oxford
msas-15-7-21 | John Edensor Littlewood | http://academic.research.microsoft.com/Author/12599963/john-edensor-littlewood | organization:University of Cambridge
msas-15-7-22 | M. S. Bartlett | http://academic.research.microsoft.com/Author/56406360/m-s-bartlett | organization:University College London
msas-15-7-23 | Endre Szemerédi | http://academic.research.microsoft.com/Author/1367299/endre-szemer-di | organization:Rutgers, The State University of New Jersey
msas-15-7-24 | Panos Pardalos | http://academic.research.microsoft.com/Author/2027865/panos-pardalos | organization:University of Florida
msas-15-7-25 | Samuel James Taylor | http://academic.research.microsoft.com/Author/7640573/samuel-james-taylor | organization:University of Virginia
msas-15-7-26 | Anatole B. Katok | http://academic.research.microsoft.com/Author/1047998/anatole-b-katok | organization:Pennsylvania State University
msas-15-7-27 | Miklos Ajtai (Miklós Ajtai) | http://academic.research.microsoft.com/Author/787016/miklos-ajtai | organization:IBM
msas-15-7-28 | Bernhard Banaschewski | http://academic.research.microsoft.com/Author/718708/bernhard-banaschewski | organization:McMaster University
msas-15-7-29 | D. R. Heath-Brown | http://academic.research.microsoft.com/Author/518883/d-r-heath-brown | organization:University of Oxford
msas-15-7-30 | Michael Rockner (Michael Röckner) | http://academic.research.microsoft.com/Author/999062/michael-rockner | organization:University of Bielefeld
msas-15-7-31 | Max Born | http://academic.research.microsoft.com/Author/51171644/max-born | organization:University of Bielefeld
msas-15-7-32 | David J. Aldous | http://academic.research.microsoft.com/Author/476580/david-j-aldous | organization:University of California Berkeley
msas-15-7-33 | David Nualart | http://academic.research.microsoft.com/Author/1089402/david-nualart | organization:University of Kansas
msas-15-7-34 | C. T. C. Wall | http://academic.research.microsoft.com/Author/12751643/c-t-c-wall | organization:King's College London
msas-15-7-35 | John Adams | http://academic.research.microsoft.com/Author/47705515/john-adams | organization:King's College London
msas-15-7-36 | J. M. Hammersley | http://academic.research.microsoft.com/Author/1884769/j-m-hammersley | organization:University of Oxford
msas-15-7-37 | Dennis Sullivan | http://academic.research.microsoft.com/Author/2734106/dennis-sullivan | organization:Stony Brook University
msas-15-7-38 | Jerrold E. Marsden | http://academic.research.microsoft.com/Author/642915/jerrold-e-marsden | organization:California Institute of Technology
msas-15-7-39 | M. S. Bartlett | http://academic.research.microsoft.com/Author/12762451/m-s-bartlett | organization:University of Hertfordshire
msas-15-7-40 | Zhen-Qing Chen | http://academic.research.microsoft.com/Author/978228/zhen-qing-chen | organization:University of Washington
msas-15-7-41 | Walter Douglas Munn | http://academic.research.microsoft.com/Author/12891016/walter-douglas-munn | organization:University of Washington
msas-15-7-42 | Shahn Majid | http://academic.research.microsoft.com/Author/420501/shahn-majid | organization:Queen Mary University of London
msas-15-7-43 | F. Ursell | http://academic.research.microsoft.com/Author/12820652/f-ursell | organization:Queen Mary University of London
msas-15-7-44 | Eduardo Sontag | http://academic.research.microsoft.com/Author/1286972/eduardo-sontag | organization:Rutgers, The State University of New Jersey
msas-15-7-45 | Charles M. Newman | http://academic.research.microsoft.com/Author/1069870/charles-m-newman | organization:New York University
msas-15-7-46 | Etienne Pardoux | http://academic.research.microsoft.com/Author/12524120/etienne-pardoux | organization:Université de Provence
msas-15-7-47 | Serguei A. Nazarov | http://academic.research.microsoft.com/Author/6248376/serguei-a-nazarov | organization:Russian Academy of Sciences
msas-15-7-48 | Sergio Albeverio | http://academic.research.microsoft.com/Author/2278596/sergio-albeverio | organization:University of Bonn
msas-15-7-49 | ANATOLY M. VERSHIK | http://academic.research.microsoft.com/Author/1051348/anatoly-m-vershik | organization:Russian Academy of Sciences
msas-15-7-50 | W. N. Bailey | http://academic.research.microsoft.com/Author/1492055/w-n-bailey | organization:Russian Academy of Sciences
msas-15-7-51 | Horace W. Davenport | http://academic.research.microsoft.com/Author/12782265/horace-w-davenport | organization:University of Michigan
msas-15-7-52 | Eric Davies | http://academic.research.microsoft.com/Author/2605425/eric-davies | organization:Auckland University of Technology
msas-15-7-53 | Michel Talagrand | http://academic.research.microsoft.com/Author/12529281/michel-talagrand | organization:Auckland University of Technology
msas-15-7-54 | Mariusz Urbanski (Mariusz Urbański) | http://academic.research.microsoft.com/Author/354317/mariusz-urbanski | organization:University of North Texas
msas-15-7-55 | Fachbereich Mathematik | http://academic.research.microsoft.com/Author/12519846/fachbereich-mathematik | organization:Darmstadt University of Technology
msas-15-7-56 | Andreas W. M. Dress | http://academic.research.microsoft.com/Author/2152653/andreas-w-m-dress | organization:Chinese Academy of Sciences
msas-15-7-57 | Harold Jeffreys | http://academic.research.microsoft.com/Author/18624318/harold-jeffreys | organization:Chinese Academy of Sciences
msas-15-7-58 | THOMAS FRIEDRICH | http://academic.research.microsoft.com/Author/1725033/thomas-friedrich | organization:Humboldt University of Berlin
msas-15-7-59 | Jean-Michel Bismut | http://academic.research.microsoft.com/Author/10699111/jean-michel-bismut | organization:Paris-Sud 11 University
msas-15-7-60 | Bernd Fritzsche | http://academic.research.microsoft.com/Author/12990833/bernd-fritzsche | organization:University of Leipzig
msas-15-7-61 | Bernd Kirstein | http://academic.research.microsoft.com/Author/12990834/bernd-kirstein | organization:University of Leipzig
msas-15-7-62 | Zoltan Furedi (Zoltán Füredi) | http://academic.research.microsoft.com/Author/551195/zoltan-furedi | organization:University of Illinois Urbana Champaign
msas-15-7-63 | Walter Tholen | http://academic.research.microsoft.com/Author/1173969/walter-tholen | organization:York University
msas-15-7-64 | Alan M. Frieze | http://academic.research.microsoft.com/Author/834493/alan-m-frieze | organization:Carnegie Mellon University
msas-15-7-65 | Rudolf Ahlswede | http://academic.research.microsoft.com/Author/1701837/rudolf-ahlswede | organization:University of Bielefeld
msas-15-7-66 | Dominic J. A. Welsh | http://academic.research.microsoft.com/Author/1115394/dominic-j-a-welsh | organization:University of Oxford
msas-15-7-67 | Michael E. Saks | http://academic.research.microsoft.com/Author/1660334/michael-e-saks | organization:Rutgers, The State University of New Jersey
msas-15-7-68 | Jonathan M. Borwein | http://academic.research.microsoft.com/Author/34675/jonathan-m-borwein | organization:University of Newcastle
msas-15-7-69 | Martin W. Liebeck | http://academic.research.microsoft.com/Author/265280/martin-w-liebeck | organization:Imperial College London
msas-15-7-70 | Kazufumi Ito | http://academic.research.microsoft.com/Author/12550346/kazufumi-ito | organization:Waseda University
msas-15-7-71 | Bruce A. Reed | http://academic.research.microsoft.com/Author/185630/bruce-a-reed | organization:McGill University
msas-15-7-72 | Richard B. Vinter | http://academic.research.microsoft.com/Author/51627406/richard-b-vinter | organization:McGill University
msas-15-7-73 | Zoltan Szabo (Zoltán Szabó) | http://academic.research.microsoft.com/Author/47646/zoltan-szabo | organization:Princeton University
msas-15-7-74 | Enrique Zuazua | http://academic.research.microsoft.com/Author/805018/enrique-zuazua | organization:Universidad Autónoma de Madrid
msas-15-7-75 | Bernd Sturmfels | http://academic.research.microsoft.com/Author/498231/bernd-sturmfels | organization:University of California Berkeley
msas-15-7-76 | Andrew A. Ranicki | http://academic.research.microsoft.com/Author/745709/andrew-a-ranicki | organization:University of Edinburgh
msas-15-7-77 | Edwin A. Perkins | http://academic.research.microsoft.com/Author/812320/edwin-a-perkins | organization:University of British Columbia
msas-15-7-78 | Peter Steven Ozsvath (Peter Steven Ozsváth) | http://academic.research.microsoft.com/Author/3312560/peter-steven-ozsvath | organization:Massachusetts Institute of Technology
msas-15-7-79 | Ruth F. Curtain | http://academic.research.microsoft.com/Author/294828/ruth-f-curtain | organization:University of Groningen
msas-15-7-80 | Harry Kesten | http://academic.research.microsoft.com/Author/296684/harry-kesten | organization:Cornell University
msas-15-7-81 | Nicholas H. Bingham | http://academic.research.microsoft.com/Author/3146985/nicholas-h-bingham | organization:University College London
msas-15-7-82 | Wendell H. Fleming | http://academic.research.microsoft.com/Author/12764905/wendell-h-fleming | organization:Brown University
msas-15-7-83 | Alain Connes | http://academic.research.microsoft.com/Author/869687/alain-connes | organization:Collège de France
msas-15-7-84 | Murad Taqqu | http://academic.research.microsoft.com/Author/1186679/murad-taqqu | organization:Boston University
msas-15-7-85 | Vivek S. Borkar | http://academic.research.microsoft.com/Author/1431212/vivek-s-borkar | organization:Tata Institute of Fundamental Research
msas-15-7-86 | John Wishart | http://academic.research.microsoft.com/Author/12752002/john-wishart | organization:University of Cambridge
msas-15-7-87 | Avi Wigderson | http://academic.research.microsoft.com/Author/594318/avi-wigderson | organization:Institute for Advanced Study
msas-15-7-88 | Halil Mete Soner | http://academic.research.microsoft.com/Author/7272072/halil-mete-soner | organization:Swiss Federal Institute of Technology Zurich
msas-15-7-89 | E. C. Titchmarsh | http://academic.research.microsoft.com/Author/10569581/e-c-titchmarsh | organization:University of Oxford
msas-15-7-90 | Vojtech Rodl (Vojtech Rödl) | http://academic.research.microsoft.com/Author/490732/vojtech-rodl | organization:Emory University
msas-15-7-91 | Eric K. van Douwen | http://academic.research.microsoft.com/Author/10734423/eric-k-van-douwen | organization:College of William & Mary
msas-15-7-92 | Edmund Hlawka | http://academic.research.microsoft.com/Author/18663600/edmund-hlawka | organization:College of William & Mary
msas-15-7-93 | Walter Philipp | http://academic.research.microsoft.com/Author/12601220/walter-philipp | organization:University of Illinois Urbana Champaign
msas-15-7-94 | Dikran Dikranjan | http://academic.research.microsoft.com/Author/2084061/dikran-dikranjan | organization:Università degli Studi di Udine
msas-15-7-95 | Jaume Llibre | http://academic.research.microsoft.com/Author/12523226/jaume-llibre | organization:Universitat Autònoma de Barcelona
msas-15-7-96 | H. T. Banks (Tom Banks) | http://academic.research.microsoft.com/Author/54057532/h-t-banks | organization:North Carolina State University
msas-15-7-97 | Ales Pultr | http://academic.research.microsoft.com/Author/296481/ales-pultr | organization:Charles University
msas-15-7-98 | I. M. James | http://academic.research.microsoft.com/Author/12858435/i-m-james | organization:Charles University
msas-15-7-99 | Alexander N. Dranishnikov | http://academic.research.microsoft.com/Author/632404/alexander-n-dranishnikov | organization:University of Florida
msas-15-7-100 | Carsten Thomassen | http://academic.research.microsoft.com/Author/1259912/carsten-thomassen | organization:Technical University of Denmark
