msas-15-6-1 | Panos Pardalos | http://academic.research.microsoft.com/Author/2027865/panos-pardalos | organization:University of Florida
msas-15-6-2 | Zoltan Szabo (Zoltán Szabó) | http://academic.research.microsoft.com/Author/47646/zoltan-szabo | organization:Princeton University
msas-15-6-3 | Peter Steven Ozsvath (Peter Steven Ozsváth) | http://academic.research.microsoft.com/Author/3312560/peter-steven-ozsvath | organization:Massachusetts Institute of Technology
msas-15-6-4 | Paolo Lisca | http://academic.research.microsoft.com/Author/675343/paolo-lisca | organization:University of Pisa
msas-15-6-5 | Charles Livingston | http://academic.research.microsoft.com/Author/3955255/charles-livingston | organization:Indiana University
msas-15-6-6 | Shelly L. Harvey | http://academic.research.microsoft.com/Author/3955111/shelly-l-harvey | organization:Rice University
msas-15-6-7 | Wei-Li Wu | http://academic.research.microsoft.com/Author/548916/wei-li-wu | organization:University of Texas Dallas
msas-15-6-8 | John R. Klein | http://academic.research.microsoft.com/Author/20636/john-r-klein | organization:Wayne State University
msas-15-6-9 | Jian-Zhong Zhang (张建中) | http://academic.research.microsoft.com/Author/956493/jian-zhong-zhang | organization:Southeast University China
msas-15-6-10 | M. H. Poincare (M. H. Poincaré) | http://academic.research.microsoft.com/Author/46975948/m-h-poincare | organization:Institut de Mathématiques de Jussieu
msas-15-6-11 | Clifford Henry Taubes | http://academic.research.microsoft.com/Author/2626533/clifford-henry-taubes | organization:Harvard University
msas-15-6-12 | Stavros Garoufalidis | http://academic.research.microsoft.com/Author/727032/stavros-garoufalidis | organization:Georgia Institute of Technology
msas-15-6-13 | Peng-jun Wan | http://academic.research.microsoft.com/Author/1080682/peng-jun-wan | organization:Illinois Institute of Technology
msas-15-6-14 | Ian Agol | http://academic.research.microsoft.com/Author/3354590/ian-agol | organization:University of California Berkeley
msas-15-6-15 | Gang Yu | http://academic.research.microsoft.com/Author/42692118/gang-yu | organization:Tsinghua University China
msas-15-6-16 | Marc Yor | http://academic.research.microsoft.com/Author/1077880/marc-yor | organization:Pierre and Marie Curie University
msas-15-6-17 | Alan W. Reid | http://academic.research.microsoft.com/Author/1756998/alan-w-reid | organization:University of Texas Austin
msas-15-6-18 | Boris Okun | http://academic.research.microsoft.com/Author/2489089/boris-okun | organization:University of Wisconsin Milwaukee
msas-15-6-19 | Andras I. Stipsicz (András I. Stipsicz) | http://academic.research.microsoft.com/Author/8142054/andras-i-stipsicz | organization:Alfred Renyi Institute of Mathematics HAS
msas-15-6-20 | Pierre Vallois | http://academic.research.microsoft.com/Author/1150576/pierre-vallois | organization:UMR7502 Institut Elie Cartan
msas-15-6-21 | Tim D. Cochran | http://academic.research.microsoft.com/Author/2918084/tim-d-cochran | organization:Rice University
msas-15-6-22 | Bernard Roynette | http://academic.research.microsoft.com/Author/3861800/bernard-roynette | organization:UMR7502 Institut Elie Cartan
msas-15-6-23 | David Bachman | http://academic.research.microsoft.com/Author/313942/david-bachman | organization:Pitzer College
msas-15-6-24 | Jerome P. Levine | http://academic.research.microsoft.com/Author/805785/jerome-p-levine | organization:Brandeis University
msas-15-6-25 | Michael Hutchings | http://academic.research.microsoft.com/Author/903443/michael-hutchings | organization:University of California Berkeley
msas-15-6-26 | Dylan P. Thurston | http://academic.research.microsoft.com/Author/8320923/dylan-p-thurston | organization:Columbia University
msas-15-6-27 | Michele de Franchis | http://academic.research.microsoft.com/Author/18666710/michele-de-franchis | organization:Università degli Studi di Catania
msas-15-6-28 | Frank Kwang-ming Hwang (黃光明) | http://academic.research.microsoft.com/Author/665199/frank-kwang-ming-hwang | organization:National Chiao Tung University, Taiwan
msas-15-6-29 | Xiaotie Deng (邓小铁) | http://academic.research.microsoft.com/Author/1057123/xiaotie-deng | organization:University of Liverpool
msas-15-6-30 | Binhai Zhu | http://academic.research.microsoft.com/Author/50364753/binhai-zhu | organization:Montana State University
msas-15-6-31 | Toshihide Ibaraki | http://academic.research.microsoft.com/Author/333914/toshihide-ibaraki | organization:Kyoto College of Graduate Studies for Informatics
msas-15-6-32 | Hiroshi Nagamochi (永持仁) | http://academic.research.microsoft.com/Author/453019/hiroshi-nagamochi | organization:Kyoto University
msas-15-6-33 | Jaume Llibre | http://academic.research.microsoft.com/Author/12523226/jaume-llibre | organization:Universitat Autònoma de Barcelona
msas-15-6-34 | Danny Calegari | http://academic.research.microsoft.com/Author/2706199/danny-calegari | organization:California Institute of Technology
msas-15-6-35 | Mauricio G. C. RESENDE | http://academic.research.microsoft.com/Author/932488/mauricio-g-c-resende | organization:AT&T Labs Research
msas-15-6-36 | Daryl Cooper | http://academic.research.microsoft.com/Author/1332469/daryl-cooper | organization:University of California Santa Barbara
msas-15-6-37 | Thomas Schick | http://academic.research.microsoft.com/Author/1926623/thomas-schick | organization:University of Göttingen
msas-15-6-38 | Yong He | http://academic.research.microsoft.com/Author/18289365/yong-he | organization:Microsoft
msas-15-6-39 | Saul David Schleimer | http://academic.research.microsoft.com/Author/131914/saul-david-schleimer | organization:University of Warwick
msas-15-6-40 | Mhand Hifi | http://academic.research.microsoft.com/Author/982218/mhand-hifi | organization:University of Picardie Jules Verne
msas-15-6-41 | Wenan Zang | http://academic.research.microsoft.com/Author/1159274/wenan-zang | organization:University of Hong Kong
msas-15-6-42 | Peter Teichner | http://academic.research.microsoft.com/Author/1977560/peter-teichner | organization:University of California Berkeley
msas-15-6-43 | Tadeusz Januszkiewicz | http://academic.research.microsoft.com/Author/1106811/tadeusz-januszkiewicz | organization:Ohio State University
msas-15-6-44 | MARC LACKENBY | http://academic.research.microsoft.com/Author/3153159/marc-lackenby | organization:University of Oxford
msas-15-6-45 | David T. Gay | http://academic.research.microsoft.com/Author/8842771/david-t-gay | organization:University of Cape Town
msas-15-6-46 | Guido Castelnuovo | http://academic.research.microsoft.com/Author/47654563/guido-castelnuovo | organization:Università degli Studi di Torino
msas-15-6-47 | Leah Epstein | http://academic.research.microsoft.com/Author/492930/leah-epstein | organization:University of Haifa
msas-15-6-48 | Karen Vogtmann | http://academic.research.microsoft.com/Author/653446/karen-vogtmann | organization:Cornell University
msas-15-6-49 | Walter D. Neumann | http://academic.research.microsoft.com/Author/734602/walter-d-neumann | organization:Columbia University
msas-15-6-50 | Ulrich Bunke | http://academic.research.microsoft.com/Author/916249/ulrich-bunke | organization:University of Regensburg
msas-15-6-51 | Bruce Kleiner | http://academic.research.microsoft.com/Author/933793/bruce-kleiner | organization:New York University
msas-15-6-52 | Daniel Groves | http://academic.research.microsoft.com/Author/943062/daniel-groves | organization:University of Illinois Chicago
msas-15-6-53 | Vyacheslav S. Krushkal | http://academic.research.microsoft.com/Author/1030241/vyacheslav-s-krushkal | organization:University of Virginia
msas-15-6-54 | Franz Rendl | http://academic.research.microsoft.com/Author/1755968/franz-rendl | organization:Alpen Adria Universität Klagenfurt
msas-15-6-55 | Ronald J. Stern | http://academic.research.microsoft.com/Author/1803182/ronald-j-stern | organization:University of California Irvine
msas-15-6-56 | John Rognes | http://academic.research.microsoft.com/Author/1807247/john-rognes | organization:University of Oslo
msas-15-6-57 | Darren D. Long | http://academic.research.microsoft.com/Author/1892738/darren-d-long | organization:University of California Santa Barbara
msas-15-6-58 | Ronald Fintushel | http://academic.research.microsoft.com/Author/2202966/ronald-fintushel | organization:Michigan State University
msas-15-6-59 | John Crisp | http://academic.research.microsoft.com/Author/2409214/john-crisp | organization:University of Burgundy
msas-15-6-60 | Andrew Baker | http://academic.research.microsoft.com/Author/53344632/andrew-baker | organization:University of Glasgow
msas-15-6-61 | Tao Li | http://academic.research.microsoft.com/Author/56717293/tao-li | organization:Southeast University China
msas-15-6-62 | Daniel Ruberman | http://academic.research.microsoft.com/Author/669316/daniel-ruberman | organization:Brandeis University
msas-15-6-63 | Dror Bar-Natan | http://academic.research.microsoft.com/Author/968210/dror-bar-natan | organization:University of Toronto
msas-15-6-64 | William W. Menasco | http://academic.research.microsoft.com/Author/1832585/william-w-menasco | organization:State University of New York at Buffalo
msas-15-6-65 | Michael W. Davis | http://academic.research.microsoft.com/Author/2026088/michael-w-davis | organization:Ohio State University
msas-15-6-66 | Daniel S. Silver | http://academic.research.microsoft.com/Author/2098056/daniel-s-silver | organization:University of South Alabama
msas-15-6-67 | Nathan M. Dunfield | http://academic.research.microsoft.com/Author/2660515/nathan-m-dunfield | organization:University of Illinois Urbana Champaign
msas-15-6-68 | Paolo Ghiggini | http://academic.research.microsoft.com/Author/3955469/paolo-ghiggini | organization:University of Nantes
msas-15-6-69 | Michael J. Handel | http://academic.research.microsoft.com/Author/5867748/michael-j-handel | organization:Northeastern University
msas-15-6-70 | Lenhard L. Ng | http://academic.research.microsoft.com/Author/12459404/lenhard-l-ng | organization:Duke University
msas-15-6-71 | Paul R. Turner | http://academic.research.microsoft.com/Author/47359187/paul-r-turner | organization:Heriot-Watt University
msas-15-6-72 | Edmund Von Landau | http://academic.research.microsoft.com/Author/23218830/edmund-von-landau | organization:Humboldt University of Berlin
msas-15-6-73 | Takashi Noiri | http://academic.research.microsoft.com/Author/12860643/takashi-noiri | organization:Yatsushiro National College of Technology
msas-15-6-74 | Gerard Jennhwa Chang (張鎮華) | http://academic.research.microsoft.com/Author/2216836/gerard-jennhwa-chang | organization:National Taiwan University
msas-15-6-75 | Panos M. Pardalos | http://academic.research.microsoft.com/Author/12143095/panos-m-pardalos | organization:University of Florida
msas-15-6-76 | Alexander Abian | http://academic.research.microsoft.com/Author/17947353/alexander-abian | organization:Iowa State University
msas-15-6-77 | Yin-feng Xu | http://academic.research.microsoft.com/Author/646242/yin-feng-xu | organization:Xi'An Jiaotong University
msas-15-6-78 | Jinhui Xu | http://academic.research.microsoft.com/Author/191240/jinhui-xu | organization:Nanjing Medical University
msas-15-6-79 | Ming-yang Kao | http://academic.research.microsoft.com/Author/194992/ming-yang-kao | organization:Northwestern University
msas-15-6-80 | Oleg Alexan Prokopyev | http://academic.research.microsoft.com/Author/456290/oleg-alexan-prokopyev | organization:University of Pittsburgh
msas-15-6-81 | Bin Fu | http://academic.research.microsoft.com/Author/1558696/bin-fu | organization:Shanghai Jiao Tong University
msas-15-6-82 | Shang-hua Teng (腾尚华) | http://academic.research.microsoft.com/Author/807353/shang-hua-teng | organization:University of Southern California
msas-15-6-83 | Hermann Von Weyl | http://academic.research.microsoft.com/Author/54404152/hermann-von-weyl | organization:University of Southern California
msas-15-6-84 | Danny Z. Chen | http://academic.research.microsoft.com/Author/98382/danny-z-chen | organization:Sichuan University of Science & Engineering
msas-15-6-85 | Ko Honda | http://academic.research.microsoft.com/Author/2704966/ko-honda | organization:University of Southern California
msas-15-6-86 | Leonida Tonelli | http://academic.research.microsoft.com/Author/18090579/leonida-tonelli | organization:Università degli Studi di Parma
msas-15-6-87 | Valeriu Popa | http://academic.research.microsoft.com/Author/47622773/valeriu-popa | organization:University of Bacau
msas-15-6-88 | Vladimir G. Turaev | http://academic.research.microsoft.com/Author/53844/vladimir-g-turaev | organization:Indiana University
msas-15-6-89 | Kazuo Habiro | http://academic.research.microsoft.com/Author/2726777/kazuo-habiro | organization:Kyoto University
msas-15-6-90 | Zhiyi Tan | http://academic.research.microsoft.com/Author/3395261/zhiyi-tan | organization:Zhejiang University
msas-15-6-91 | Juan Souto | http://academic.research.microsoft.com/Author/3877838/juan-souto | organization:University of Michigan
msas-15-6-92 | Tommaso Boggio | http://academic.research.microsoft.com/Author/18666809/tommaso-boggio | organization:Università degli Studi di Torino
msas-15-6-93 | Mikhail Khovanov | http://academic.research.microsoft.com/Author/141867/mikhail-khovanov | organization:Columbia University
msas-15-6-94 | Allen Hatcher | http://academic.research.microsoft.com/Author/180701/allen-hatcher | organization:Cornell University
msas-15-6-95 | Zhi-xiang Chen | http://academic.research.microsoft.com/Author/660584/zhi-xiang-chen | organization:Waseda University
msas-15-6-96 | Bing Lu | http://academic.research.microsoft.com/Author/917932/bing-lu | organization:Nankai University
msas-15-6-97 | Marco Grandis | http://academic.research.microsoft.com/Author/1222025/marco-grandis | organization:Università degli Studi di Genova
msas-15-6-98 | Michael S. Farber | http://academic.research.microsoft.com/Author/1249440/michael-s-farber | organization:Ludwig Maximilian University of Munich
msas-15-6-99 | Daniel Dugger | http://academic.research.microsoft.com/Author/2660818/daniel-dugger | organization:University of Oregon
msas-15-6-100 | Ran Levi | http://academic.research.microsoft.com/Author/2918096/ran-levi | organization:University of Aberdeen
