msas-2-1-1 | Robert Endre Tarjan | http://academic.research.microsoft.com/Author/2060485/robert-endre-tarjan | organization:Princeton University
msas-2-1-2 | Christos Papadimitriou | http://academic.research.microsoft.com/Author/1474081/christos-papadimitriou | organization:University of California Berkeley
msas-2-1-3 | Mihalis Yannakakis | http://academic.research.microsoft.com/Author/1560592/mihalis-yannakakis | organization:Columbia University
msas-2-1-4 | Richard Manning Karp | http://academic.research.microsoft.com/Author/219003/richard-manning-karp | organization:University of California Berkeley
msas-2-1-5 | Oded Goldreich | http://academic.research.microsoft.com/Author/2264498/oded-goldreich | organization:Weizmann Institute of Science
msas-2-1-6 | Micha Sharir | http://academic.research.microsoft.com/Author/508835/micha-sharir | organization:Tel Aviv University
msas-2-1-7 | Leonidas J. Guibas | http://academic.research.microsoft.com/Author/1267490/leonidas-j-guibas | organization:Stanford University
msas-2-1-8 | Avi Wigderson | http://academic.research.microsoft.com/Author/594318/avi-wigderson | organization:Institute for Advanced Study
msas-2-1-9 | Moshe Vardi | http://academic.research.microsoft.com/Author/1545065/moshe-vardi | organization:Rice University
msas-2-1-10 | David S. Johnson | http://academic.research.microsoft.com/Author/288370/david-s-johnson | organization:AT&T Labs Research
msas-2-1-11 | Noga Alon | http://academic.research.microsoft.com/Author/103630/noga-alon | organization:Tel Aviv University
msas-2-1-12 | Herbert Edelsbrunner | http://academic.research.microsoft.com/Author/999001/herbert-edelsbrunner | organization:Institute of Science and Technology Austria
msas-2-1-13 | Madhu Sudan | http://academic.research.microsoft.com/Author/832733/madhu-sudan | organization:Massachusetts Institute of Technology
msas-2-1-14 | Bernard Chazelle | http://academic.research.microsoft.com/Author/2246972/bernard-chazelle | organization:Princeton University
msas-2-1-15 | Amir Pnueli | http://academic.research.microsoft.com/Author/1017214/amir-pnueli | organization:Weizmann Institute of Science
msas-2-1-16 | Baruch Awerbuch | http://academic.research.microsoft.com/Author/148550/baruch-awerbuch | organization:Johns Hopkins University
msas-2-1-17 | Noam Nisan | http://academic.research.microsoft.com/Author/1698113/noam-nisan | organization:Hebrew University of Jerusalem
msas-2-1-18 | Robin Milner | http://academic.research.microsoft.com/Author/771199/robin-milner | organization:University of Cambridge
msas-2-1-19 | Michel Howard Kevin (Michel Peter) | http://academic.research.microsoft.com/Author/958/michel-howard-kevin | organization:Malardalen University
msas-2-1-20 | Uriel Feige | http://academic.research.microsoft.com/Author/1931498/uriel-feige | organization:Weizmann Institute of Science
msas-2-1-21 | Rajeev Motwani | http://academic.research.microsoft.com/Author/843546/rajeev-motwani | organization:Stanford University
msas-2-1-22 | Jeffrey D. Ullman | http://academic.research.microsoft.com/Author/2037349/jeffrey-d-ullman | organization:Stanford University
msas-2-1-23 | Éva Tardos | http://academic.research.microsoft.com/Author/877409/va-tardos | organization:Cornell University
msas-2-1-24 | Kurt Mehlhorn | http://academic.research.microsoft.com/Author/2136714/kurt-mehlhorn | organization:Max Planck Gesellschaft
msas-2-1-25 | Moni Naor | http://academic.research.microsoft.com/Author/927888/moni-naor | organization:Weizmann Institute of Science
msas-2-1-26 | Paul D. Seymour | http://academic.research.microsoft.com/Author/333576/paul-d-seymour | organization:Princeton University
msas-2-1-27 | Prabhakar Raghavan | http://academic.research.microsoft.com/Author/2118232/prabhakar-raghavan | organization:Yahoo Research Labs
msas-2-1-28 | Shafi Goldwasser | http://academic.research.microsoft.com/Author/237047/shafi-goldwasser | organization:Weizmann Institute of Science
msas-2-1-29 | Michael G. Luby | http://academic.research.microsoft.com/Author/740663/michael-g-luby | organization:Qualcomm Incorporated
msas-2-1-30 | David Eppstein | http://academic.research.microsoft.com/Author/13868/david-eppstein | organization:University of California Irvine
msas-2-1-31 | Shlomo Shamai (Shitz) | http://academic.research.microsoft.com/Author/1768200/shlomo-shamai | organization:Technion Israel Institute of Technology
msas-2-1-32 | Jeffrey Scott Vitter | http://academic.research.microsoft.com/Author/2337649/jeffrey-scott-vitter | organization:University of Kansas
msas-2-1-33 | Thomas A. Henzinger | http://academic.research.microsoft.com/Author/1644999/thomas-a-henzinger | organization:Institute of Science and Technology Austria
msas-2-1-34 | David Shmoys | http://academic.research.microsoft.com/Author/89664/david-shmoys | organization:Cornell University
msas-2-1-35 | Leslie Valiant | http://academic.research.microsoft.com/Author/450662/leslie-valiant | organization:Harvard University
msas-2-1-36 | John Edward Hopcroft | http://academic.research.microsoft.com/Author/1563082/john-edward-hopcroft | organization:Cornell University
msas-2-1-37 | Pankaj Agarwal | http://academic.research.microsoft.com/Author/1726004/pankaj-agarwal | organization:Duke University
msas-2-1-38 | Sergio Verdu (Sergio Verdú) | http://academic.research.microsoft.com/Author/105242/sergio-verdu | organization:Princeton University
msas-2-1-39 | Andrew Chi-chih Yao (姚期智) | http://academic.research.microsoft.com/Author/1089451/andrew-chi-chih-yao | organization:Tsinghua University China
msas-2-1-40 | RUSSELL IMPAGLIAZZO | http://academic.research.microsoft.com/Author/415245/russell-impagliazzo | organization:University of California San Diego
msas-2-1-41 | Neil J. A. Sloane | http://academic.research.microsoft.com/Author/2098401/neil-j-a-sloane | organization:AT&T Labs Research
msas-2-1-42 | Martín Abadi | http://academic.research.microsoft.com/Author/2085504/mart-n-abadi | organization:Microsoft
msas-2-1-43 | José Meseguer | http://academic.research.microsoft.com/Author/1808203/jos-meseguer | organization:University of Illinois Urbana Champaign
msas-2-1-44 | Philippe Flajolet | http://academic.research.microsoft.com/Author/561188/philippe-flajolet | organization:University of Illinois Urbana Champaign
msas-2-1-45 | Laszlo Lovasz (László Lovász) | http://academic.research.microsoft.com/Author/615494/laszlo-lovasz | organization:Eotvos Lorand University (University of Budapest)
msas-2-1-46 | Jon M. Kleinberg | http://academic.research.microsoft.com/Author/2461510/jon-m-kleinberg | organization:Cornell University
msas-2-1-47 | Silvio Micali | http://academic.research.microsoft.com/Author/2389658/silvio-micali | organization:Massachusetts Institute of Technology
msas-2-1-48 | Avrim Blum | http://academic.research.microsoft.com/Author/1154881/avrim-blum | organization:Carnegie Mellon University
msas-2-1-49 | Nancy A. Lynch | http://academic.research.microsoft.com/Author/842517/nancy-a-lynch | organization:Massachusetts Institute of Technology
msas-2-1-50 | Donald E. Knuth | http://academic.research.microsoft.com/Author/167694/donald-e-knuth | organization:Stanford University
msas-2-1-51 | David Tse | http://academic.research.microsoft.com/Author/1057999/david-tse | organization:University of California Berkeley
msas-2-1-52 | Michael Randolph Garey | http://academic.research.microsoft.com/Author/1562799/michael-randolph-garey | organization:Bell Labs (Lucent Technologies Inc.)
msas-2-1-53 | Zvi Galil | http://academic.research.microsoft.com/Author/596977/zvi-galil | organization:Georgia Institute of Technology
msas-2-1-54 | Uzi Vishkin | http://academic.research.microsoft.com/Author/1569749/uzi-vishkin | organization:University of Maryland
msas-2-1-55 | Zohar Manna | http://academic.research.microsoft.com/Author/74212/zohar-manna | organization:Stanford University
msas-2-1-56 | Alan M. Frieze | http://academic.research.microsoft.com/Author/834493/alan-m-frieze | organization:Carnegie Mellon University
msas-2-1-57 | Piotr Indyk | http://academic.research.microsoft.com/Author/48763/piotr-indyk | organization:Massachusetts Institute of Technology
msas-2-1-58 | László Babai | http://academic.research.microsoft.com/Author/1546443/l-szl-babai | organization:University of Chicago
msas-2-1-59 | Rajeev Alur | http://academic.research.microsoft.com/Author/1423759/rajeev-alur | organization:University of Pennsylvania
msas-2-1-60 | E. Allen Emerson | http://academic.research.microsoft.com/Author/2153443/e-allen-emerson | organization:University of Texas Austin
msas-2-1-61 | Hans Leo Bodlaender | http://academic.research.microsoft.com/Author/403231/hans-leo-bodlaender | organization:Utrecht University
msas-2-1-62 | John Reif | http://academic.research.microsoft.com/Author/377991/john-reif | organization:Duke University
msas-2-1-63 | Bruno Courcelle | http://academic.research.microsoft.com/Author/1752522/bruno-courcelle | organization:UMR5800 Laboratoire Bordelais de Recherche en Informatique
msas-2-1-64 | Yishay Mansour | http://academic.research.microsoft.com/Author/2067627/yishay-mansour | organization:Tel Aviv University
msas-2-1-65 | Panos Pardalos | http://academic.research.microsoft.com/Author/2027865/panos-pardalos | organization:University of Florida
msas-2-1-66 | Vijay Vazirani | http://academic.research.microsoft.com/Author/241070/vijay-vazirani | organization:Georgia Institute of Technology
msas-2-1-67 | Matthew Hennessy | http://academic.research.microsoft.com/Author/1341620/matthew-hennessy | organization:University of Sussex
msas-2-1-68 | John E. Hershberger | http://academic.research.microsoft.com/Author/634259/john-e-hershberger | organization:University of Sussex
msas-2-1-69 | Frank Thomson Leighton | http://academic.research.microsoft.com/Author/2483204/frank-thomson-leighton | organization:Massachusetts Institute of Technology
msas-2-1-70 | Gordon Plotkin | http://academic.research.microsoft.com/Author/1477825/gordon-plotkin | organization:University of Edinburgh
msas-2-1-71 | Stephen Arthur Cook | http://academic.research.microsoft.com/Author/1756296/stephen-arthur-cook | organization:University of Toronto
msas-2-1-72 | David R. Karger | http://academic.research.microsoft.com/Author/182819/david-r-karger | organization:Massachusetts Institute of Technology
msas-2-1-73 | Christodoulos A. Floudas | http://academic.research.microsoft.com/Author/44750/christodoulos-a-floudas | organization:Princeton University
msas-2-1-74 | Ugo Montanari | http://academic.research.microsoft.com/Author/2474208/ugo-montanari | organization:University of Pisa
msas-2-1-75 | Ronald Graham | http://academic.research.microsoft.com/Author/1167585/ronald-graham | organization:University of California San Diego
msas-2-1-76 | Johan Håstad | http://academic.research.microsoft.com/Author/1514996/johan-h-stad | organization:Royal Institute of Technology
msas-2-1-77 | Luca Cardelli | http://academic.research.microsoft.com/Author/1661217/luca-cardelli | organization:Microsoft
msas-2-1-78 | Erik D. Demaine | http://academic.research.microsoft.com/Author/1419205/erik-d-demaine | organization:Massachusetts Institute of Technology
msas-2-1-79 | Joseph Mitchell | http://academic.research.microsoft.com/Author/347420/joseph-mitchell | organization:Stony Brook University
msas-2-1-80 | Franco Preparata | http://academic.research.microsoft.com/Author/608229/franco-preparata | organization:Brown University
msas-2-1-81 | Fan R. K. Chung (金芳蓉) | http://academic.research.microsoft.com/Author/953527/fan-r-k-chung | organization:University of California San Diego
msas-2-1-82 | Luca Trevisan | http://academic.research.microsoft.com/Author/486131/luca-trevisan | organization:Microsoft
msas-2-1-83 | Emo Welzl | http://academic.research.microsoft.com/Author/1230281/emo-welzl | organization:Swiss Federal Institute of Technology Zurich
msas-2-1-84 | Yossi Azar | http://academic.research.microsoft.com/Author/81420/yossi-azar | organization:Tel Aviv University
msas-2-1-85 | Eyal Kushilevitz | http://academic.research.microsoft.com/Author/541727/eyal-kushilevitz | organization:Technion Israel Institute of Technology
msas-2-1-86 | Amos Fiat | http://academic.research.microsoft.com/Author/2229017/amos-fiat | organization:Tel Aviv University
msas-2-1-87 | Dexter Kozen | http://academic.research.microsoft.com/Author/250688/dexter-kozen | organization:Cornell University
msas-2-1-88 | Jiri Matousek (Jirí Matousek) | http://academic.research.microsoft.com/Author/598156/jiri-matousek | organization:Charles University
msas-2-1-89 | Manfred Warmuth | http://academic.research.microsoft.com/Author/74128/manfred-warmuth | organization:University of California Santa Cruz
msas-2-1-90 | Andrew V. Goldberg | http://academic.research.microsoft.com/Author/1154078/andrew-v-goldberg | organization:Microsoft
msas-2-1-91 | Robert E. Schapire | http://academic.research.microsoft.com/Author/359373/robert-e-schapire | organization:Princeton University
msas-2-1-92 | Michael R. Fellows | http://academic.research.microsoft.com/Author/690006/michael-r-fellows | organization:University of Newcastle
msas-2-1-93 | Roberto Tamassia | http://academic.research.microsoft.com/Author/71562/roberto-tamassia | organization:Brown University
msas-2-1-94 | Mikkel Thorup | http://academic.research.microsoft.com/Author/2301624/mikkel-thorup | organization:AT&T Labs Research
msas-2-1-95 | Subhash Suri | http://academic.research.microsoft.com/Author/2116570/subhash-suri | organization:University of California Santa Barbara
msas-2-1-96 | R. Ravi | http://academic.research.microsoft.com/Author/2246303/r-ravi | organization:Carnegie Mellon University
msas-2-1-97 | S Muthukrishnan | http://academic.research.microsoft.com/Author/143009/s-muthukrishnan | organization:Rutgers, The State University of New Jersey
msas-2-1-98 | Frank Pfenning | http://academic.research.microsoft.com/Author/1502129/frank-pfenning | organization:Carnegie Mellon University
msas-2-1-99 | Salil P. Vadhan | http://academic.research.microsoft.com/Author/1564976/salil-p-vadhan | organization:Microsoft
msas-2-1-100 | Moses Charikar | http://academic.research.microsoft.com/Author/20110/moses-charikar | organization:Princeton University
