mas-a-2-19-1 | John Stankovic | http://academic.research.microsoft.com/Author/964299/john-stankovic | organization:University of Virginia
mas-a-2-19-2 | Giorgio C. Buttazzo | http://academic.research.microsoft.com/Author/1322582/giorgio-c-buttazzo | organization:Scuola Superiore Sant'Anna
mas-a-2-19-3 | Krithi Ramamritham | http://academic.research.microsoft.com/Author/11193/krithi-ramamritham | organization:Indian Institute of Technology Bombay
mas-a-2-19-4 | S. Shankar Sastry | http://academic.research.microsoft.com/Author/378128/s-shankar-sastry | organization:University of California Berkeley
mas-a-2-19-5 | Alan Burns | http://academic.research.microsoft.com/Author/1895437/alan-burns | organization:University of York
mas-a-2-19-6 | Tarek Abdelzaher | http://academic.research.microsoft.com/Author/1454908/tarek-abdelzaher | organization:University of Illinois Urbana Champaign
mas-a-2-19-7 | Thomas A. Henzinger | http://academic.research.microsoft.com/Author/1644999/thomas-a-henzinger | organization:Institute of Science and Technology Austria
mas-a-2-19-8 | Kang G. Shin (신강근) | http://academic.research.microsoft.com/Author/251512/kang-g-shin | organization:University of Michigan
mas-a-2-19-9 | John P. Lehoczky | http://academic.research.microsoft.com/Author/246331/john-p-lehoczky | organization:Carnegie Mellon University
mas-a-2-19-10 | Andy Wellings | http://academic.research.microsoft.com/Author/1272105/andy-wellings | organization:University of York
mas-a-2-19-11 | Sanjoy Baruah | http://academic.research.microsoft.com/Author/399656/sanjoy-baruah | organization:University of North Carolina Chapel Hill
mas-a-2-19-12 | Richard Murray | http://academic.research.microsoft.com/Author/4092/richard-murray | organization:California Institute of Technology
mas-a-2-19-13 | Lui Sha | http://academic.research.microsoft.com/Author/509287/lui-sha | organization:University of Illinois Urbana Champaign
mas-a-2-19-14 | Ragunathan Rajkumar (Raj Rajkumar) | http://academic.research.microsoft.com/Author/1343213/ragunathan-rajkumar | organization:Carnegie Mellon University
mas-a-2-19-15 | George Pappas | http://academic.research.microsoft.com/Author/2026681/george-pappas | organization:University of Pennsylvania
mas-a-2-19-16 | Aloysius K. Mok | http://academic.research.microsoft.com/Author/3823295/aloysius-k-mok | organization:University of Texas Austin
mas-a-2-19-17 | John Lygeros | http://academic.research.microsoft.com/Author/2072327/john-lygeros | organization:Swiss Federal Institute of Technology Zurich
mas-a-2-19-18 | Panos Antsaklis | http://academic.research.microsoft.com/Author/138961/panos-antsaklis | organization:University of Notre Dame
mas-a-2-19-19 | Sang Hyuk Son | http://academic.research.microsoft.com/Author/1106936/sang-hyuk-son | organization:University of Virginia
mas-a-2-19-20 | Manfred Morari | http://academic.research.microsoft.com/Author/605294/manfred-morari | organization:Swiss Federal Institute of Technology Zurich
mas-a-2-19-21 | Rami Melhem | http://academic.research.microsoft.com/Author/654567/rami-melhem | organization:University of Pittsburgh
mas-a-2-19-22 | Douglas C. Schmidt | http://academic.research.microsoft.com/Author/386271/douglas-c-schmidt | organization:Vanderbilt University
mas-a-2-19-23 | Daniel Mossé | http://academic.research.microsoft.com/Author/1703563/daniel-moss | organization:University of Pittsburgh
mas-a-2-19-24 | James Anderson | http://academic.research.microsoft.com/Author/768520/james-anderson | organization:University of North Carolina Chapel Hill
mas-a-2-19-25 | Jane W. S. Liu (劉張韻詩) | http://academic.research.microsoft.com/Author/71960/jane-w-s-liu | organization:Academia Sinica
mas-a-2-19-26 | Alberto Bemporad | http://academic.research.microsoft.com/Author/2035073/alberto-bemporad | organization:Institute for Advanced Studies Lucca
mas-a-2-19-27 | Claire J. Tomlin | http://academic.research.microsoft.com/Author/706521/claire-j-tomlin | organization:University of California Berkeley
mas-a-2-19-28 | John Doyle | http://academic.research.microsoft.com/Author/168873/john-doyle | organization:California Institute of Technology
mas-a-2-19-29 | Rajeev Alur | http://academic.research.microsoft.com/Author/1423759/rajeev-alur | organization:University of Pennsylvania
mas-a-2-19-30 | Ken Tindell | http://academic.research.microsoft.com/Author/54739/ken-tindell | organization:University of York
mas-a-2-19-31 | Chenyang Lu | http://academic.research.microsoft.com/Author/157510/chenyang-lu | organization:Washington University in St. Louis
mas-a-2-19-32 | Giuseppe Lipari | http://academic.research.microsoft.com/Author/128536/giuseppe-lipari | organization:Scuola Superiore Sant'Anna
mas-a-2-19-33 | Insup Lee | http://academic.research.microsoft.com/Author/1368326/insup-lee | organization:University of Pennsylvania
mas-a-2-19-34 | Stephen P. Boyd | http://academic.research.microsoft.com/Author/283387/stephen-p-boyd | organization:Stanford University
mas-a-2-19-35 | W. Murray Wonham | http://academic.research.microsoft.com/Author/858996/w-murray-wonham | organization:University of Toronto
mas-a-2-19-36 | Theodore P. Baker | http://academic.research.microsoft.com/Author/6912961/theodore-p-baker | organization:Florida State University
mas-a-2-19-37 | Oded Maler | http://academic.research.microsoft.com/Author/253669/oded-maler | organization:Institut Informatique et Mathématiques Appliquées de Grenoble
mas-a-2-19-38 | Luca Abeni | http://academic.research.microsoft.com/Author/166938/luca-abeni | organization:Università degli Studi di Trento
mas-a-2-19-39 | David E. Culler | http://academic.research.microsoft.com/Author/2076342/david-e-culler | organization:University of California Berkeley
mas-a-2-19-40 | Eduardo Sontag | http://academic.research.microsoft.com/Author/1286972/eduardo-sontag | organization:Rutgers, The State University of New Jersey
mas-a-2-19-41 | Tei-wei Kuo (郭大維) | http://academic.research.microsoft.com/Author/740220/tei-wei-kuo | organization:National Taiwan University
mas-a-2-19-42 | Joao P. Hespanha | http://academic.research.microsoft.com/Author/1147212/joao-p-hespanha | organization:University of California Santa Barbara
mas-a-2-19-43 | A. Stephen Morse | http://academic.research.microsoft.com/Author/528666/a-stephen-morse | organization:Yale University
mas-a-2-19-44 | Pravin P. Varaiya | http://academic.research.microsoft.com/Author/2409759/pravin-p-varaiya | organization:University of California Berkeley
mas-a-2-19-45 | HERMANN KOPETZ | http://academic.research.microsoft.com/Author/550081/hermann-kopetz | organization:Vienna University of Technology
mas-a-2-19-46 | Kwei-jay Lin | http://academic.research.microsoft.com/Author/400054/kwei-jay-lin | organization:University of California Irvine
mas-a-2-19-47 | Anton Cervin | http://academic.research.microsoft.com/Author/1698293/anton-cervin | organization:Lund University Lund Institute of Technology
mas-a-2-19-48 | Joseph Sifakis | http://academic.research.microsoft.com/Author/1810475/joseph-sifakis | organization:Centre National de la Recherche Scientifique
mas-a-2-19-49 | Amir Pnueli | http://academic.research.microsoft.com/Author/1017214/amir-pnueli | organization:Weizmann Institute of Science
mas-a-2-19-50 | Alberto L. Sangiovanni-Vincentelli | http://academic.research.microsoft.com/Author/1927673/alberto-l-sangiovanni-vincentelli | organization:University of California Berkeley
mas-a-2-19-51 | Peter Puschner | http://academic.research.microsoft.com/Author/567718/peter-puschner | organization:Vienna University of Technology
mas-a-2-19-52 | Frank Mueller | http://academic.research.microsoft.com/Author/527628/frank-mueller | organization:North Carolina State University
mas-a-2-19-53 | Edward A. Lee | http://academic.research.microsoft.com/Author/1726667/edward-a-lee | organization:University of California Berkeley
mas-a-2-19-54 | Keith Glover | http://academic.research.microsoft.com/Author/49177/keith-glover | organization:University of Cambridge
mas-a-2-19-55 | Naomi Ehrich Leonard | http://academic.research.microsoft.com/Author/354610/naomi-ehrich-leonard | organization:Princeton University
mas-a-2-19-56 | Michael Gonzalez Harbour (Michael González Harbour) | http://academic.research.microsoft.com/Author/549290/michael-gonzalez-harbour | organization:Universidad de Cantabria
mas-a-2-19-57 | Guillem Bernat | http://academic.research.microsoft.com/Author/470393/guillem-bernat | organization:University of York
mas-a-2-19-58 | Paul Caspi | http://academic.research.microsoft.com/Author/1223125/paul-caspi | organization:Institut Informatique et Mathématiques Appliquées de Grenoble
mas-a-2-19-59 | Sergio Yovine | http://academic.research.microsoft.com/Author/244967/sergio-yovine | organization:Universidad de Buenos Aires
mas-a-2-19-60 | Tamer Basar | http://academic.research.microsoft.com/Author/2151192/tamer-basar | organization:University of Illinois Urbana Champaign
mas-a-2-19-61 | Petar V. Kokotovic | http://academic.research.microsoft.com/Author/1302403/petar-v-kokotovic | organization:University of California Santa Barbara
mas-a-2-19-62 | Emilio Frazzoli | http://academic.research.microsoft.com/Author/1633133/emilio-frazzoli | organization:Massachusetts Institute of Technology
mas-a-2-19-63 | A. Burns | http://academic.research.microsoft.com/Author/43059489/a-burns | organization:University of York
mas-a-2-19-64 | John N. Tsitsiklis | http://academic.research.microsoft.com/Author/1579510/john-n-tsitsiklis | organization:Massachusetts Institute of Technology
mas-a-2-19-65 | Hector J. Sussmann (Héctor J. Sussmann) | http://academic.research.microsoft.com/Author/95511/hector-j-sussmann | organization:Rutgers, The State University of New Jersey
mas-a-2-19-66 | Michel Fliess | http://academic.research.microsoft.com/Author/874318/michel-fliess | organization:École Polytechnique (France)
mas-a-2-19-67 | Sang Lyul Min (민상렬) | http://academic.research.microsoft.com/Author/35453/sang-lyul-min | organization:Seoul National University
mas-a-2-19-68 | Stavros Tripakis | http://academic.research.microsoft.com/Author/704517/stavros-tripakis | organization:University of California Berkeley
mas-a-2-19-69 | Hans A. Hansson (Hansson) | http://academic.research.microsoft.com/Author/2309498/hans-a-hansson | organization:Malardalen University
mas-a-2-19-70 | Tian He | http://academic.research.microsoft.com/Author/2377404/tian-he | organization:University of Minnesota
mas-a-2-19-71 | Jay K. Strosnider | http://academic.research.microsoft.com/Author/470252/jay-k-strosnider | organization:Carnegie Mellon University
mas-a-2-19-72 | Nancy A. Lynch | http://academic.research.microsoft.com/Author/842517/nancy-a-lynch | organization:Massachusetts Institute of Technology
mas-a-2-19-73 | Kevin Jeffay | http://academic.research.microsoft.com/Author/1810909/kevin-jeffay | organization:University of North Carolina Chapel Hill
mas-a-2-19-74 | Reza Olfati-Saber | http://academic.research.microsoft.com/Author/361442/reza-olfati-saber | organization:Dartmouth College
mas-a-2-19-75 | Deborah Estrin | http://academic.research.microsoft.com/Author/2402354/deborah-estrin | organization:Dartmouth College
mas-a-2-19-76 | Brian D. O. Anderson | http://academic.research.microsoft.com/Author/12683781/brian-d-o-anderson | organization:Australian National University
mas-a-2-19-77 | Gerhard Fohler | http://academic.research.microsoft.com/Author/634942/gerhard-fohler | organization:Technical University of Kaiserslautern
mas-a-2-19-78 | Michael D. Lemmon | http://academic.research.microsoft.com/Author/1763958/michael-d-lemmon | organization:University of Notre Dame
mas-a-2-19-79 | Daniel Liberzon | http://academic.research.microsoft.com/Author/630990/daniel-liberzon | organization:University of Illinois Urbana Champaign
mas-a-2-19-80 | Neil Audsley | http://academic.research.microsoft.com/Author/569438/neil-audsley | organization:University of York
mas-a-2-19-81 | Marco Caccamo | http://academic.research.microsoft.com/Author/1130041/marco-caccamo | organization:University of Illinois Urbana Champaign
mas-a-2-19-82 | Hideyuki Tokuda (徳田英幸) | http://academic.research.microsoft.com/Author/616800/hideyuki-tokuda | organization:Keio University
mas-a-2-19-83 | David Whalley | http://academic.research.microsoft.com/Author/174921/david-whalley | organization:Florida State University
mas-a-2-19-84 | Robert I. Davis | http://academic.research.microsoft.com/Author/1366900/robert-i-davis | organization:University of York
mas-a-2-19-85 | Manas C. Saksena | http://academic.research.microsoft.com/Author/120405/manas-c-saksena | organization:University of Pittsburgh
mas-a-2-19-86 | Andrew R. Teel | http://academic.research.microsoft.com/Author/1467798/andrew-r-teel | organization:University of California Santa Barbara
mas-a-2-19-87 | Christos G. Cassandras | http://academic.research.microsoft.com/Author/1258306/christos-g-cassandras | organization:Boston University
mas-a-2-19-88 | Darren M. Dawson | http://academic.research.microsoft.com/Author/151947/darren-m-dawson | organization:Clemson University
mas-a-2-19-89 | Robert E. Skelton | http://academic.research.microsoft.com/Author/12606244/robert-e-skelton | organization:University of California San Diego
mas-a-2-19-90 | Binoy Ravindran | http://academic.research.microsoft.com/Author/556679/binoy-ravindran | organization:Virginia Polytechnic Institute and State University
mas-a-2-19-91 | Albert Benveniste | http://academic.research.microsoft.com/Author/2151415/albert-benveniste | organization:The French National Institute for Research in Computer Science and Control
mas-a-2-19-92 | Laurent Praly | http://academic.research.microsoft.com/Author/1849159/laurent-praly | organization:École des Mines de Paris
mas-a-2-19-93 | Lothar Thiele | http://academic.research.microsoft.com/Author/211513/lothar-thiele | organization:Swiss Federal Institute of Technology Zurich
mas-a-2-19-94 | Ali Jadbabaie | http://academic.research.microsoft.com/Author/2389880/ali-jadbabaie | organization:University of Pennsylvania
mas-a-2-19-95 | Hakan Aydin | http://academic.research.microsoft.com/Author/183391/hakan-aydin | organization:George Mason University
mas-a-2-19-96 | Eric M. Feron | http://academic.research.microsoft.com/Author/1063340/eric-m-feron | organization:Georgia Institute of Technology
mas-a-2-19-97 | Masayoshi Tomizuka | http://academic.research.microsoft.com/Author/12683040/masayoshi-tomizuka | organization:University of California Berkeley
mas-a-2-19-98 | Christof Paar | http://academic.research.microsoft.com/Author/1248813/christof-paar | organization:Ruhr University Bochum
mas-a-2-19-99 | Mani Srivastava | http://academic.research.microsoft.com/Author/937074/mani-srivastava | organization:University of California Los Angeles
mas-a-2-19-100 | Thao Dang | http://academic.research.microsoft.com/Author/2188376/thao-dang | organization:Institut Informatique et Mathématiques Appliquées de Grenoble
