mas-a-2-22-1 | Micha Sharir | http://academic.research.microsoft.com/Author/508835/micha-sharir | organization:Tel Aviv University
mas-a-2-22-2 | Robert Endre Tarjan | http://academic.research.microsoft.com/Author/2060485/robert-endre-tarjan | organization:Princeton University
mas-a-2-22-3 | Herbert Edelsbrunner | http://academic.research.microsoft.com/Author/999001/herbert-edelsbrunner | organization:Institute of Science and Technology Austria
mas-a-2-22-4 | Christos Papadimitriou | http://academic.research.microsoft.com/Author/1474081/christos-papadimitriou | organization:University of California Berkeley
mas-a-2-22-5 | Jack J. Dongarra | http://academic.research.microsoft.com/Author/1638553/jack-j-dongarra | organization:University of Tennessee Knoxville
mas-a-2-22-6 | Gene H. Golub | http://academic.research.microsoft.com/Author/796234/gene-h-golub | organization:Stanford University
mas-a-2-22-7 | Leonidas J. Guibas | http://academic.research.microsoft.com/Author/1267490/leonidas-j-guibas | organization:Stanford University
mas-a-2-22-8 | Abdul-Majid Wazwaz | http://academic.research.microsoft.com/Author/3445247/abdul-majid-wazwaz | organization:Saint Xavier University
mas-a-2-22-9 | Oded Goldreich | http://academic.research.microsoft.com/Author/2264498/oded-goldreich | organization:Weizmann Institute of Science
mas-a-2-22-10 | Mihalis Yannakakis | http://academic.research.microsoft.com/Author/1560592/mihalis-yannakakis | organization:Columbia University
mas-a-2-22-11 | Pankaj Agarwal | http://academic.research.microsoft.com/Author/1726004/pankaj-agarwal | organization:Duke University
mas-a-2-22-12 | Avi Wigderson | http://academic.research.microsoft.com/Author/594318/avi-wigderson | organization:Institute for Advanced Study
mas-a-2-22-13 | Bernard Chazelle | http://academic.research.microsoft.com/Author/2246972/bernard-chazelle | organization:Princeton University
mas-a-2-22-14 | Erich Kaltofen | http://academic.research.microsoft.com/Author/309829/erich-kaltofen | organization:North Carolina State University
mas-a-2-22-15 | James H. Bramble | http://academic.research.microsoft.com/Author/2087360/james-h-bramble | organization:Texas A&M University
mas-a-2-22-16 | Emo Welzl | http://academic.research.microsoft.com/Author/1230281/emo-welzl | organization:Swiss Federal Institute of Technology Zurich
mas-a-2-22-17 | David Tse | http://academic.research.microsoft.com/Author/1057999/david-tse | organization:University of California Berkeley
mas-a-2-22-18 | RUSSELL IMPAGLIAZZO | http://academic.research.microsoft.com/Author/415245/russell-impagliazzo | organization:University of California San Diego
mas-a-2-22-19 | Jeffrey D. Ullman | http://academic.research.microsoft.com/Author/2037349/jeffrey-d-ullman | organization:Stanford University
mas-a-2-22-20 | Harold Vincent Poor | http://academic.research.microsoft.com/Author/2436212/harold-vincent-poor | organization:Princeton University
mas-a-2-22-21 | Shlomo Shamai (Shitz) | http://academic.research.microsoft.com/Author/1768200/shlomo-shamai | organization:Technion Israel Institute of Technology
mas-a-2-22-22 | Joseph E. Pasciak | http://academic.research.microsoft.com/Author/508984/joseph-e-pasciak | organization:Texas A&M University
mas-a-2-22-23 | Dimitri P. Bertsekas | http://academic.research.microsoft.com/Author/2167725/dimitri-p-bertsekas | organization:Massachusetts Institute of Technology
mas-a-2-22-24 | James W. Demmel | http://academic.research.microsoft.com/Author/1991187/james-w-demmel | organization:University of California Berkeley
mas-a-2-22-25 | Jiri Matousek (Jirí Matousek) | http://academic.research.microsoft.com/Author/598156/jiri-matousek | organization:Charles University
mas-a-2-22-26 | Ian T. Foster | http://academic.research.microsoft.com/Author/521123/ian-t-foster | organization:Argonne National Laboratory
mas-a-2-22-27 | Paul Tseng | http://academic.research.microsoft.com/Author/164454/paul-tseng | organization:University of Washington
mas-a-2-22-28 | Richard Brent | http://academic.research.microsoft.com/Author/1339179/richard-brent | organization:Australian National University
mas-a-2-22-29 | Noga Alon | http://academic.research.microsoft.com/Author/103630/noga-alon | organization:Tel Aviv University
mas-a-2-22-30 | Peter L. Hammer | http://academic.research.microsoft.com/Author/599286/peter-l-hammer | organization:Universidade Estadual Paulista
mas-a-2-22-31 | Masakazu Kojima (小島政和) | http://academic.research.microsoft.com/Author/1713938/masakazu-kojima | organization:Tokyo Institute of Technology
mas-a-2-22-32 | Stanley Osher | http://academic.research.microsoft.com/Author/1050529/stanley-osher | organization:University of California Los Angeles
mas-a-2-22-33 | Thomas J. R. Hughes | http://academic.research.microsoft.com/Author/1066500/thomas-j-r-hughes | organization:University of Texas Austin
mas-a-2-22-34 | Mark Newman | http://academic.research.microsoft.com/Author/152557/mark-newman | organization:University of Texas Austin
mas-a-2-22-35 | Yousef Saad | http://academic.research.microsoft.com/Author/243311/yousef-saad | organization:University of Minnesota
mas-a-2-22-36 | Bernd Sturmfels | http://academic.research.microsoft.com/Author/498231/bernd-sturmfels | organization:University of California Berkeley
mas-a-2-22-37 | Ralf Koetter | http://academic.research.microsoft.com/Author/671540/ralf-koetter | organization:Technical University Munich
mas-a-2-22-38 | Laszlo Lovasz (László Lovász) | http://academic.research.microsoft.com/Author/615494/laszlo-lovasz | organization:Eotvos Lorand University (University of Budapest)
mas-a-2-22-39 | Ted Belytschko | http://academic.research.microsoft.com/Author/1775944/ted-belytschko | organization:Northwestern University
mas-a-2-22-40 | David Eppstein | http://academic.research.microsoft.com/Author/13868/david-eppstein | organization:University of California Irvine
mas-a-2-22-41 | Janos Pach (János Pach) | http://academic.research.microsoft.com/Author/1626304/janos-pach | organization:New York University
mas-a-2-22-42 | Noam Nisan | http://academic.research.microsoft.com/Author/1698113/noam-nisan | organization:Hebrew University of Jerusalem
mas-a-2-22-43 | Arkadi S. Nemirovski | http://academic.research.microsoft.com/Author/199352/arkadi-s-nemirovski | organization:Georgia Institute of Technology
mas-a-2-22-44 | David S. Johnson | http://academic.research.microsoft.com/Author/288370/david-s-johnson | organization:AT&T Labs Research
mas-a-2-22-45 | Tony F. Chan | http://academic.research.microsoft.com/Author/292651/tony-f-chan | organization:University of California Los Angeles
mas-a-2-22-46 | Philippe L. Toint | http://academic.research.microsoft.com/Author/1552745/philippe-l-toint | organization:Facultes Universitaires Notre Dame de la Paix
mas-a-2-22-47 | William D. Gropp | http://academic.research.microsoft.com/Author/1861619/william-d-gropp | organization:University of Illinois Urbana Champaign
mas-a-2-22-48 | Stephen Arthur Cook | http://academic.research.microsoft.com/Author/1756296/stephen-arthur-cook | organization:University of Toronto
mas-a-2-22-49 | David Donoho | http://academic.research.microsoft.com/Author/848706/david-donoho | organization:Stanford University
mas-a-2-22-50 | Richard Manning Karp | http://academic.research.microsoft.com/Author/219003/richard-manning-karp | organization:University of California Berkeley
mas-a-2-22-51 | Emmanuel J. Candes (Emmanuel J. Candès) | http://academic.research.microsoft.com/Author/1258215/emmanuel-j-candes | organization:California Institute of Technology
mas-a-2-22-52 | Olvi L. Mangasarian | http://academic.research.microsoft.com/Author/2129558/olvi-l-mangasarian | organization:University of Wisconsin Madison
mas-a-2-22-53 | John Edward Hopcroft | http://academic.research.microsoft.com/Author/1563082/john-edward-hopcroft | organization:Cornell University
mas-a-2-22-54 | Uwe Aickelin | http://academic.research.microsoft.com/Author/962411/uwe-aickelin | organization:University of Nottingham
mas-a-2-22-55 | Ian H. Sloan | http://academic.research.microsoft.com/Author/916166/ian-h-sloan | organization:University of New South Wales
mas-a-2-22-56 | Jinchao Xu | http://academic.research.microsoft.com/Author/703015/jinchao-xu | organization:Pennsylvania State University
mas-a-2-22-57 | John Reif | http://academic.research.microsoft.com/Author/377991/john-reif | organization:Duke University
mas-a-2-22-58 | Masao Fukushima (福嶋雅夫) | http://academic.research.microsoft.com/Author/446763/masao-fukushima | organization:Kyoto University
mas-a-2-22-59 | Bruno Buchberger | http://academic.research.microsoft.com/Author/1253766/bruno-buchberger | organization:Johannes Kepler Universität Linz
mas-a-2-22-60 | Luca Trevisan | http://academic.research.microsoft.com/Author/486131/luca-trevisan | organization:Microsoft
mas-a-2-22-61 | Donald E. Knuth | http://academic.research.microsoft.com/Author/167694/donald-e-knuth | organization:Stanford University
mas-a-2-22-62 | Alexander A. Razborov | http://academic.research.microsoft.com/Author/1978701/alexander-a-razborov | organization:University of Chicago
mas-a-2-22-63 | Alan M. Frieze | http://academic.research.microsoft.com/Author/834493/alan-m-frieze | organization:Carnegie Mellon University
mas-a-2-22-64 | Oded Regev | http://academic.research.microsoft.com/Author/690180/oded-regev | organization:Tel Aviv University
mas-a-2-22-65 | Moni Naor | http://academic.research.microsoft.com/Author/927888/moni-naor | organization:Weizmann Institute of Science
mas-a-2-22-66 | Zvi Galil | http://academic.research.microsoft.com/Author/596977/zvi-galil | organization:Georgia Institute of Technology
mas-a-2-22-67 | Danny Sorensen | http://academic.research.microsoft.com/Author/893233/danny-sorensen | organization:Rice University
mas-a-2-22-68 | Jon M. Kleinberg | http://academic.research.microsoft.com/Author/2461510/jon-m-kleinberg | organization:Cornell University
mas-a-2-22-69 | David E. Goldberg | http://academic.research.microsoft.com/Author/201783/david-e-goldberg | organization:University of Illinois Urbana Champaign
mas-a-2-22-70 | Stephen J. Wright | http://academic.research.microsoft.com/Author/1069783/stephen-j-wright | organization:University of Wisconsin Madison
mas-a-2-22-71 | Roger Fletcher | http://academic.research.microsoft.com/Author/145158/roger-fletcher | organization:University of Dundee
mas-a-2-22-72 | Saharon Shelah | http://academic.research.microsoft.com/Author/1685050/saharon-shelah | organization:Hebrew University of Jerusalem
mas-a-2-22-73 | Joseph Y. Halpern | http://academic.research.microsoft.com/Author/359621/joseph-y-halpern | organization:Cornell University
mas-a-2-22-74 | Victor Y. Pan | http://academic.research.microsoft.com/Author/597155/victor-y-pan | organization:City University of New York
mas-a-2-22-75 | Rajkumar Buyya | http://academic.research.microsoft.com/Author/969058/rajkumar-buyya | organization:University of Melbourne
mas-a-2-22-76 | Eric Allender | http://academic.research.microsoft.com/Author/1592212/eric-allender | organization:Rutgers, The State University of New Jersey
mas-a-2-22-77 | Iain S. Duff | http://academic.research.microsoft.com/Author/153432/iain-s-duff | organization:Science and Technology Facilities Council
mas-a-2-22-78 | Boris Aronov | http://academic.research.microsoft.com/Author/89343/boris-aronov | organization:Polytechnic University of New York
mas-a-2-22-79 | Sandor P. Fekete (Sándor P. Fekete) | http://academic.research.microsoft.com/Author/91972/sandor-p-fekete | organization:Technical University of Braunschweig
mas-a-2-22-80 | Syed Ali Jafar | http://academic.research.microsoft.com/Author/64440/syed-ali-jafar | organization:University of California Irvine
mas-a-2-22-81 | Martin J. Wainwright | http://academic.research.microsoft.com/Author/1761247/martin-j-wainwright | organization:University of California Berkeley
mas-a-2-22-82 | Salil P. Vadhan | http://academic.research.microsoft.com/Author/1564976/salil-p-vadhan | organization:Microsoft
mas-a-2-22-83 | Christian H. Bischof | http://academic.research.microsoft.com/Author/1823671/christian-h-bischof | organization:Rheinisch Westfalische Technische Hochschule Aachen
mas-a-2-22-84 | Chi-wang Shu (舒其望) | http://academic.research.microsoft.com/Author/670640/chi-wang-shu | organization:Brown University
mas-a-2-22-85 | Deepak Kapur | http://academic.research.microsoft.com/Author/652279/deepak-kapur | organization:University of New Mexico
mas-a-2-22-86 | Richard Baraniuk | http://academic.research.microsoft.com/Author/555712/richard-baraniuk | organization:Rice University
mas-a-2-22-87 | Michel Howard Kevin (Michel Peter) | http://academic.research.microsoft.com/Author/958/michel-howard-kevin | organization:Malardalen University
mas-a-2-22-88 | Henry Wolkowicz | http://academic.research.microsoft.com/Author/23873/henry-wolkowicz | organization:University of Waterloo
mas-a-2-22-89 | Jorge Nocedal | http://academic.research.microsoft.com/Author/665445/jorge-nocedal | organization:Northwestern University
mas-a-2-22-90 | Alan Selman | http://academic.research.microsoft.com/Author/2141395/alan-selman | organization:Florida State University
mas-a-2-22-91 | Bernardo Huberman | http://academic.research.microsoft.com/Author/84985/bernardo-huberman | organization:HP Labs
mas-a-2-22-92 | Zhaojun Bai | http://academic.research.microsoft.com/Author/1890490/zhaojun-bai | organization:University of California Davis
mas-a-2-22-93 | Charbel Farhat | http://academic.research.microsoft.com/Author/12532486/charbel-farhat | organization:Stanford University
mas-a-2-22-94 | Chee-keng Yap | http://academic.research.microsoft.com/Author/1455278/chee-keng-yap | organization:New York University
mas-a-2-22-95 | László Babai | http://academic.research.microsoft.com/Author/1546443/l-szl-babai | organization:University of Chicago
mas-a-2-22-96 | Nimrod Megiddo | http://academic.research.microsoft.com/Author/1334122/nimrod-megiddo | organization:IBM
mas-a-2-22-97 | Michael G. Luby | http://academic.research.microsoft.com/Author/740663/michael-g-luby | organization:Qualcomm Incorporated
mas-a-2-22-98 | Marek Karpinski | http://academic.research.microsoft.com/Author/148915/marek-karpinski | organization:University of Bonn
mas-a-2-22-99 | Madhu Sudan | http://academic.research.microsoft.com/Author/832733/madhu-sudan | organization:Massachusetts Institute of Technology
mas-a-2-22-100 | Ju Hyun Park | http://academic.research.microsoft.com/Author/53667470/ju-hyun-park | organization:Yeungnam University
