msas-2-2-1 | Mihir Bellare | http://academic.research.microsoft.com/Author/1413771/mihir-bellare | organization:University of California San Diego
msas-2-2-2 | Dan Boneh | http://academic.research.microsoft.com/Author/647107/dan-boneh | organization:Stanford University
msas-2-2-3 | Adi Shamir | http://academic.research.microsoft.com/Author/1681349/adi-shamir | organization:Weizmann Institute of Science
msas-2-2-4 | Phillip Rogaway | http://academic.research.microsoft.com/Author/317693/phillip-rogaway | organization:University of California Davis
msas-2-2-5 | Ravi Sandhu | http://academic.research.microsoft.com/Author/1307022/ravi-sandhu | organization:University of Texas San Antonio
msas-2-2-6 | Moni Naor | http://academic.research.microsoft.com/Author/927888/moni-naor | organization:Weizmann Institute of Science
msas-2-2-7 | David A. Wagner | http://academic.research.microsoft.com/Author/2016114/david-a-wagner | organization:University of California Berkeley
msas-2-2-8 | Ran Canetti | http://academic.research.microsoft.com/Author/676549/ran-canetti | organization:Boston University
msas-2-2-9 | Ronald L. Rivest | http://academic.research.microsoft.com/Author/769502/ronald-l-rivest | organization:Massachusetts Institute of Technology
msas-2-2-10 | Dawn Xiaodong Song (宋晓东) | http://academic.research.microsoft.com/Author/146559/dawn-xiaodong-song | organization:University of California Berkeley
msas-2-2-11 | Oded Goldreich | http://academic.research.microsoft.com/Author/2264498/oded-goldreich | organization:Weizmann Institute of Science
msas-2-2-12 | Moti Yung | http://academic.research.microsoft.com/Author/1163094/moti-yung | organization:Google Inc.
msas-2-2-13 | Silvio Micali | http://academic.research.microsoft.com/Author/2389658/silvio-micali | organization:Massachusetts Institute of Technology
msas-2-2-14 | Hugo Krawczyk | http://academic.research.microsoft.com/Author/1386893/hugo-krawczyk | organization:Technion Israel Institute of Technology
msas-2-2-15 | Michael K. Reiter | http://academic.research.microsoft.com/Author/900538/michael-k-reiter | organization:University of North Carolina Chapel Hill
msas-2-2-16 | Jan Camenisch | http://academic.research.microsoft.com/Author/534494/jan-camenisch | organization:IBM
msas-2-2-17 | Bruce Schneier | http://academic.research.microsoft.com/Author/270804/bruce-schneier | organization:IBM
msas-2-2-18 | Christopher Kruegel | http://academic.research.microsoft.com/Author/956644/christopher-kruegel | organization:University of California Santa Barbara
msas-2-2-19 | Wenke Lee (李文克) | http://academic.research.microsoft.com/Author/415957/wenke-lee | organization:Georgia Institute of Technology
msas-2-2-20 | John C. Mitchell | http://academic.research.microsoft.com/Author/1448643/john-c-mitchell | organization:Stanford University
msas-2-2-21 | Michael Waidner | http://academic.research.microsoft.com/Author/713173/michael-waidner | organization:Darmstadt University of Technology
msas-2-2-22 | Sushil Jajodia | http://academic.research.microsoft.com/Author/1191292/sushil-jajodia | organization:George Mason University
msas-2-2-23 | Gene Tsudik | http://academic.research.microsoft.com/Author/2097287/gene-tsudik | organization:University of California Irvine
msas-2-2-24 | Ross J. Anderson | http://academic.research.microsoft.com/Author/342031/ross-j-anderson | organization:University of Cambridge
msas-2-2-25 | Paul Syverson | http://academic.research.microsoft.com/Author/749993/paul-syverson | organization:US Naval Research Laboratory
msas-2-2-26 | Ari Juels | http://academic.research.microsoft.com/Author/1095330/ari-juels | organization:US Naval Research Laboratory
msas-2-2-27 | David Pointcheval | http://academic.research.microsoft.com/Author/843123/david-pointcheval | organization:École Normale Supérieure Paris
msas-2-2-28 | Birgit Pfitzmann | http://academic.research.microsoft.com/Author/72485/birgit-pfitzmann | organization:IBM
msas-2-2-29 | Markus Jakobsson | http://academic.research.microsoft.com/Author/1470028/markus-jakobsson | organization:eBay
msas-2-2-30 | Tatsuaki Okamoto (岡本龍明) | http://academic.research.microsoft.com/Author/1002804/tatsuaki-okamoto | organization:Nippon Telegraph and Telephone Corporation
msas-2-2-31 | Victor Shoup | http://academic.research.microsoft.com/Author/243935/victor-shoup | organization:New York University
msas-2-2-32 | Ivan Damgård | http://academic.research.microsoft.com/Author/3316241/ivan-damg-rd | organization:Aarhus University
msas-2-2-33 | Jonathan Katz | http://academic.research.microsoft.com/Author/912550/jonathan-katz | organization:University of Maryland
msas-2-2-34 | Ueli Maurer | http://academic.research.microsoft.com/Author/92904/ueli-maurer | organization:Swiss Federal Institute of Technology Zurich
msas-2-2-35 | Adrian Perrig | http://academic.research.microsoft.com/Author/1094604/adrian-perrig | organization:Carnegie Mellon University
msas-2-2-36 | David Chaum | http://academic.research.microsoft.com/Author/2255194/david-chaum | organization:National Institute of Standards and Technology, United States
msas-2-2-37 | Martín Abadi | http://academic.research.microsoft.com/Author/2085504/mart-n-abadi | organization:Microsoft
msas-2-2-38 | Elisa Bertino | http://academic.research.microsoft.com/Author/1981304/elisa-bertino | organization:Purdue University
msas-2-2-39 | Giovanni Vigna | http://academic.research.microsoft.com/Author/1555510/giovanni-vigna | organization:University of California Santa Barbara
msas-2-2-40 | Angelos D. Keromytis | http://academic.research.microsoft.com/Author/942315/angelos-d-keromytis | organization:Columbia University
msas-2-2-41 | Douglas Stinson | http://academic.research.microsoft.com/Author/1258479/douglas-stinson | organization:University of Waterloo
msas-2-2-42 | Eli Biham (אלי ביהם) | http://academic.research.microsoft.com/Author/511213/eli-biham | organization:Technion Israel Institute of Technology
msas-2-2-43 | Jacques Stern | http://academic.research.microsoft.com/Author/1583730/jacques-stern | organization:Technion Israel Institute of Technology
msas-2-2-44 | Alfred Menezes | http://academic.research.microsoft.com/Author/189468/alfred-menezes | organization:University of Waterloo
msas-2-2-45 | Rafail Ostrovsky | http://academic.research.microsoft.com/Author/304444/rafail-ostrovsky | organization:University of California Los Angeles
msas-2-2-46 | Shai Halevi | http://academic.research.microsoft.com/Author/657789/shai-halevi | organization:IBM
msas-2-2-47 | Paul C. Van Oorschot | http://academic.research.microsoft.com/Author/1180007/paul-c-van-oorschot | organization:Carleton University
msas-2-2-48 | Catherine Meadows | http://academic.research.microsoft.com/Author/113296/catherine-meadows | organization:US Naval Research Laboratory
msas-2-2-49 | Eugene H. Spafford | http://academic.research.microsoft.com/Author/94814/eugene-h-spafford | organization:Purdue University
msas-2-2-50 | Brent R. Waters | http://academic.research.microsoft.com/Author/1830652/brent-r-waters | organization:University of Texas Austin
msas-2-2-51 | Shafi Goldwasser | http://academic.research.microsoft.com/Author/237047/shafi-goldwasser | organization:Weizmann Institute of Science
msas-2-2-52 | Rosario Gennaro | http://academic.research.microsoft.com/Author/862367/rosario-gennaro | organization:IBM
msas-2-2-53 | Tal Rabin | http://academic.research.microsoft.com/Author/93032/tal-rabin | organization:IBM
msas-2-2-54 | Nigel Smart | http://academic.research.microsoft.com/Author/851713/nigel-smart | organization:University of Bristol
msas-2-2-55 | Peng Ning (宁鹏) | http://academic.research.microsoft.com/Author/1233578/peng-ning | organization:North Carolina State University
msas-2-2-56 | Yevgeniy Dodis | http://academic.research.microsoft.com/Author/1417880/yevgeniy-dodis | organization:Microsoft
msas-2-2-57 | Amit Sahai | http://academic.research.microsoft.com/Author/1722128/amit-sahai | organization:University of California Los Angeles
msas-2-2-58 | Ronald Cramer | http://academic.research.microsoft.com/Author/535546/ronald-cramer | organization:Centrum Voor Wiskunde en Informatica
msas-2-2-59 | J. Doug Tygar | http://academic.research.microsoft.com/Author/11735/j-doug-tygar | organization:University of California Berkeley
msas-2-2-60 | Bart Preneel | http://academic.research.microsoft.com/Author/2422131/bart-preneel | organization:Catholic University of Leuven
msas-2-2-61 | Jean-Jacques Quisquater | http://academic.research.microsoft.com/Author/784190/jean-jacques-quisquater | organization:Université Catholique de Louvain
msas-2-2-62 | Yvo Desmedt | http://academic.research.microsoft.com/Author/1462161/yvo-desmedt | organization:Florida State University
msas-2-2-63 | Pierangela Samarati | http://academic.research.microsoft.com/Author/2425592/pierangela-samarati | organization:Università degli Studi di Milano
msas-2-2-64 | Ninghui Li (李宁辉) | http://academic.research.microsoft.com/Author/1769985/ninghui-li | organization:Purdue University
msas-2-2-65 | Somesh Jha | http://academic.research.microsoft.com/Author/1434215/somesh-jha | organization:University of Wisconsin Madison
msas-2-2-66 | Karl N. Levitt | http://academic.research.microsoft.com/Author/743612/karl-n-levitt | organization:University of California Davis
msas-2-2-67 | Anna Lysyanskaya | http://academic.research.microsoft.com/Author/260501/anna-lysyanskaya | organization:Brown University
msas-2-2-68 | Serge Vaudenay | http://academic.research.microsoft.com/Author/93114/serge-vaudenay | organization:École Normale Supérieure Paris
msas-2-2-69 | Christof Paar | http://academic.research.microsoft.com/Author/1248813/christof-paar | organization:Ruhr University Bochum
msas-2-2-70 | Sean Smith | http://academic.research.microsoft.com/Author/843931/sean-smith | organization:Dartmouth College
msas-2-2-71 | Lars R. Knudsen | http://academic.research.microsoft.com/Author/220079/lars-r-knudsen | organization:Technical University of Denmark
msas-2-2-72 | Salvatore Stolfo | http://academic.research.microsoft.com/Author/318148/salvatore-stolfo | organization:Columbia University
msas-2-2-73 | Vern Paxson | http://academic.research.microsoft.com/Author/1528936/vern-paxson | organization:University of California Berkeley
msas-2-2-74 | Matt Blaze | http://academic.research.microsoft.com/Author/370013/matt-blaze | organization:University of Pennsylvania
msas-2-2-75 | Matthew Franklin | http://academic.research.microsoft.com/Author/1152602/matthew-franklin | organization:AT&T Labs Research
msas-2-2-76 | Benny Pinkas | http://academic.research.microsoft.com/Author/284305/benny-pinkas | organization:University of Haifa
msas-2-2-77 | Vitaly Shmatikov | http://academic.research.microsoft.com/Author/968628/vitaly-shmatikov | organization:University of Texas Austin
msas-2-2-78 | Raju Sekar | http://academic.research.microsoft.com/Author/686283/raju-sekar | organization:Stony Brook University
msas-2-2-79 | Richard A. Kemmerer | http://academic.research.microsoft.com/Author/1359568/richard-a-kemmerer | organization:University of California Santa Barbara
msas-2-2-80 | Aviel Rubin | http://academic.research.microsoft.com/Author/90673/aviel-rubin | organization:Johns Hopkins University
msas-2-2-81 | Scott A. Vanstone | http://academic.research.microsoft.com/Author/296317/scott-a-vanstone | organization:University of Waterloo
msas-2-2-82 | Colin Boyd | http://academic.research.microsoft.com/Author/2289668/colin-boyd | organization:Queensland University of Technology
msas-2-2-83 | Michael Backes | http://academic.research.microsoft.com/Author/327118/michael-backes | organization:Saarland University
msas-2-2-84 | John Kelsey | http://academic.research.microsoft.com/Author/241556/john-kelsey | organization:National Institute of Standards and Technology, United States
msas-2-2-85 | Arjen K. Lenstra | http://academic.research.microsoft.com/Author/63467/arjen-k-lenstra | organization:École Polytechnique Fédérale de Lausanne
msas-2-2-86 | Jacques Patarin | http://academic.research.microsoft.com/Author/439816/jacques-patarin | organization:Université de Versailles Saint Quentin en Yvelines
msas-2-2-87 | Joan Feigenbaum | http://academic.research.microsoft.com/Author/1041145/joan-feigenbaum | organization:Yale University
msas-2-2-88 | Joe Kilian | http://academic.research.microsoft.com/Author/1616814/joe-kilian | organization:Rutgers, The State University of New Jersey
msas-2-2-89 | Li Gong (宫力) | http://academic.research.microsoft.com/Author/6983170/li-gong | organization:Mozilla Corporation
msas-2-2-90 | Kaoru Kurosawa (黒澤馨) | http://academic.research.microsoft.com/Author/1590342/kaoru-kurosawa | organization:Ibaraki University
msas-2-2-91 | Vincent Rijmen | http://academic.research.microsoft.com/Author/6277/vincent-rijmen | organization:Catholic University of Leuven
msas-2-2-92 | Alfredo De Santis | http://academic.research.microsoft.com/Author/301447/alfredo-de-santis | organization:Università degli Studi di Salerno
msas-2-2-93 | Jonathan K. Millen | http://academic.research.microsoft.com/Author/2319075/jonathan-k-millen | organization:Durham University
msas-2-2-94 | Giuseppe Ateniese | http://academic.research.microsoft.com/Author/1799703/giuseppe-ateniese | organization:Johns Hopkins University
msas-2-2-95 | Gavin Lowe | http://academic.research.microsoft.com/Author/2199713/gavin-lowe | organization:University of Oxford
msas-2-2-96 | Ernest F. Brickell | http://academic.research.microsoft.com/Author/1488946/ernest-f-brickell | organization:Intel Corporation
msas-2-2-97 | Don Coppersmith | http://academic.research.microsoft.com/Author/25713/don-coppersmith | organization:IBM
msas-2-2-98 | Reihaneh Safavi-Naini | http://academic.research.microsoft.com/Author/506803/reihaneh-safavi-naini | organization:University of Calgary
msas-2-2-99 | Marc Joye | http://academic.research.microsoft.com/Author/833202/marc-joye | organization:Technicolor Technology Paris Laboratory
msas-2-2-100 | Virgil D. Gligor | http://academic.research.microsoft.com/Author/222490/virgil-d-gligor | organization:Carnegie Mellon University
