msas-2-20-1 | Richard M. Fujimoto | http://academic.research.microsoft.com/Author/1470095/richard-m-fujimoto | organization:Georgia Institute of Technology
msas-2-20-2 | David M. Nicol | http://academic.research.microsoft.com/Author/2268861/david-m-nicol | organization:University of Illinois Urbana Champaign
msas-2-20-3 | Barry L. Nelson | http://academic.research.microsoft.com/Author/659376/barry-l-nelson | organization:Purdue University
msas-2-20-4 | Mel Slater | http://academic.research.microsoft.com/Author/754809/mel-slater | organization:University College London
msas-2-20-5 | Robert Sargent | http://academic.research.microsoft.com/Author/2269603/robert-sargent | organization:Syracuse University
msas-2-20-6 | Pierre L'Ecuyer | http://academic.research.microsoft.com/Author/495646/pierre-l-ecuyer | organization:Université de Montreal
msas-2-20-7 | Averill M. Law | http://academic.research.microsoft.com/Author/2183329/averill-m-law | organization:Université de Montreal
msas-2-20-8 | Philip Heidelberger | http://academic.research.microsoft.com/Author/2234064/philip-heidelberger | organization:IBM
msas-2-20-9 | Jack P. C. Kleijnen | http://academic.research.microsoft.com/Author/485348/jack-p-c-kleijnen | organization:University of Tilburg
msas-2-20-10 | David M. Goldsman | http://academic.research.microsoft.com/Author/1562318/david-m-goldsman | organization:Georgia Institute of Technology
msas-2-20-11 | Peter W. Glynn | http://academic.research.microsoft.com/Author/679106/peter-w-glynn | organization:Stanford University
msas-2-20-12 | Osman Balci | http://academic.research.microsoft.com/Author/2019248/osman-balci | organization:Selcuk University
msas-2-20-13 | Paul A. Fishwick | http://academic.research.microsoft.com/Author/1446400/paul-a-fishwick | organization:University of Florida
msas-2-20-14 | Bernard Zeigler | http://academic.research.microsoft.com/Author/1726957/bernard-zeigler | organization:University of Arizona
msas-2-20-15 | Richard E. Nance | http://academic.research.microsoft.com/Author/401845/richard-e-nance | organization:Virginia Polytechnic Institute and State University
msas-2-20-16 | Lee W. Schruben | http://academic.research.microsoft.com/Author/3458712/lee-w-schruben | organization:University of California Berkeley
msas-2-20-17 | W. David Kelton | http://academic.research.microsoft.com/Author/40178/w-david-kelton | organization:University of Cincinnati
msas-2-20-18 | Doug Bowman | http://academic.research.microsoft.com/Author/434160/doug-bowman | organization:Virginia Polytechnic Institute and State University
msas-2-20-19 | Larry F. Hodges | http://academic.research.microsoft.com/Author/944079/larry-f-hodges | organization:University of Edinburgh
msas-2-20-20 | Reuven Y. Rubinstein | http://academic.research.microsoft.com/Author/2046938/reuven-y-rubinstein | organization:Technion Israel Institute of Technology
msas-2-20-21 | Rajive Bagrodia | http://academic.research.microsoft.com/Author/1922572/rajive-bagrodia | organization:University of California Los Angeles
msas-2-20-22 | Anthony Steed | http://academic.research.microsoft.com/Author/421596/anthony-steed | organization:University College London
msas-2-20-23 | Perwez Shahabuddin | http://academic.research.microsoft.com/Author/2364476/perwez-shahabuddin | organization:Columbia University
msas-2-20-24 | Bruce W. Schmeiser | http://academic.research.microsoft.com/Author/1826229/bruce-w-schmeiser | organization:Purdue University
msas-2-20-25 | James R. Wilson | http://academic.research.microsoft.com/Author/47710332/james-r-wilson | organization:North Carolina State University
msas-2-20-26 | Ray J. Paul | http://academic.research.microsoft.com/Author/2017761/ray-j-paul | organization:Brunel University
msas-2-20-27 | Michael C. Fu | http://academic.research.microsoft.com/Author/17918081/michael-c-fu | organization:University of Maryland
msas-2-20-28 | A. Alan B. Pritsker | http://academic.research.microsoft.com/Author/369655/a-alan-b-pritsker | organization:Indiana University/Purdue University Indianapolis
msas-2-20-29 | Jerry Banks | http://academic.research.microsoft.com/Author/309852/jerry-banks | organization:Sandia National Laboratories
msas-2-20-30 | Brian W. Unger | http://academic.research.microsoft.com/Author/1903507/brian-w-unger | organization:University of Calgary
msas-2-20-31 | Stephen John Turner | http://academic.research.microsoft.com/Author/2060305/stephen-john-turner | organization:Nanyang Technological University
msas-2-20-32 | Wentong Cai | http://academic.research.microsoft.com/Author/939989/wentong-cai | organization:Nanyang Technological University
msas-2-20-33 | Stephen D. Roberts | http://academic.research.microsoft.com/Author/2779336/stephen-d-roberts | organization:North Carolina State University
msas-2-20-34 | Kalyan S. Perumalla | http://academic.research.microsoft.com/Author/269374/kalyan-s-perumalla | organization:Georgia Institute of Technology
msas-2-20-35 | James O. Henriksen | http://academic.research.microsoft.com/Author/119669/james-o-henriksen | organization:Georgia Institute of Technology
msas-2-20-36 | John S. Carson II | http://academic.research.microsoft.com/Author/1790625/john-s-carson-ii | organization:Stanford University
msas-2-20-37 | Jason Liu | http://academic.research.microsoft.com/Author/48021628/jason-liu | organization:Florida International University
msas-2-20-38 | Wijnand A. Ijsselsteijn | http://academic.research.microsoft.com/Author/189082/wijnand-a-ijsselsteijn | organization:Eindhoven University of Technology
msas-2-20-39 | Thomas Schriber | http://academic.research.microsoft.com/Author/352854/thomas-schriber | organization:University of Michigan
msas-2-20-40 | Rassul Ayani | http://academic.research.microsoft.com/Author/357968/rassul-ayani | organization:Royal Institute of Technology
msas-2-20-41 | Paul F. Reynolds Jr. | http://academic.research.microsoft.com/Author/1620870/paul-f-reynolds-jr | organization:University of Virginia
msas-2-20-42 | Paul Glasserman | http://academic.research.microsoft.com/Author/95848/paul-glasserman | organization:Columbia University
msas-2-20-43 | Boleslaw Szymanski | http://academic.research.microsoft.com/Author/681814/boleslaw-szymanski | organization:Rensselaer Polytechnic Institute
msas-2-20-44 | John A. Miller | http://academic.research.microsoft.com/Author/6834267/john-a-miller | organization:University of Georgia
msas-2-20-45 | John Gerald Cleary | http://academic.research.microsoft.com/Author/311846/john-gerald-cleary | organization:University of Waikato
msas-2-20-46 | Jannick P. Rolland | http://academic.research.microsoft.com/Author/1929394/jannick-p-rolland | organization:University of Nantes
msas-2-20-47 | Grigore C. Burdea | http://academic.research.microsoft.com/Author/1622682/grigore-c-burdea | organization:Rutgers, The State University of New Jersey
msas-2-20-48 | David R. Jefferson | http://academic.research.microsoft.com/Author/3224180/david-r-jefferson | organization:Lawrence Livermore National Laboratory
msas-2-20-49 | Donald L. Iglehart | http://academic.research.microsoft.com/Author/2134830/donald-l-iglehart | organization:Stanford University
msas-2-20-50 | Gabriel A. Wainer | http://academic.research.microsoft.com/Author/63846/gabriel-a-wainer | organization:Carleton University
msas-2-20-51 | Azzedine Boukerche | http://academic.research.microsoft.com/Author/848123/azzedine-boukerche | organization:University of Ottawa
msas-2-20-52 | Shane G. Henderson | http://academic.research.microsoft.com/Author/1794672/shane-g-henderson | organization:Cornell University
msas-2-20-53 | Tuncer I. Oren (Tuncer I. Ören) | http://academic.research.microsoft.com/Author/3315782/tuncer-i-oren | organization:University of Ottawa
msas-2-20-54 | Russell C. H. Cheng | http://academic.research.microsoft.com/Author/157821/russell-c-h-cheng | organization:University of Southampton
msas-2-20-55 | Daniel T. Brunner | http://academic.research.microsoft.com/Author/1106018/daniel-t-brunner | organization:Massachusetts Institute of Technology
msas-2-20-56 | George F. Riley | http://academic.research.microsoft.com/Author/240070/george-f-riley | organization:Georgia Institute of Technology
msas-2-20-57 | Philip A. Wilsey | http://academic.research.microsoft.com/Author/48688/philip-a-wilsey | organization:University of Cincinnati
msas-2-20-58 | Stephen E. Chick | http://academic.research.microsoft.com/Author/1488051/stephen-e-chick | organization:INSEAD Business School
msas-2-20-59 | Ernest H. Page | http://academic.research.microsoft.com/Author/64053/ernest-h-page | organization:The MITRE Corporation
msas-2-20-60 | Stewart Robinson | http://academic.research.microsoft.com/Author/333312/stewart-robinson | organization:University of Warwick
msas-2-20-61 | George S. Fishman | http://academic.research.microsoft.com/Author/120898/george-s-fishman | organization:University of North Carolina Chapel Hill
msas-2-20-62 | Jeffrey S. Steinman | http://academic.research.microsoft.com/Author/1049552/jeffrey-s-steinman | organization:Metron
msas-2-20-63 | Mandayam A. Srinivasan | http://academic.research.microsoft.com/Author/1375938/mandayam-a-srinivasan | organization:Massachusetts Institute of Technology
msas-2-20-64 | Jack M. Loomis | http://academic.research.microsoft.com/Author/496699/jack-m-loomis | organization:University of California Santa Barbara
msas-2-20-65 | Charles R. Standridge | http://academic.research.microsoft.com/Author/1560759/charles-r-standridge | organization:Grand Valley State University
msas-2-20-66 | Marvin K. Nakayama | http://academic.research.microsoft.com/Author/1557971/marvin-k-nakayama | organization:New Jersey Institute of Technology
msas-2-20-67 | Christopher D. Carothers | http://academic.research.microsoft.com/Author/81380/christopher-d-carothers | organization:Rensselaer Polytechnic Institute
msas-2-20-68 | Susan M. Sanchez | http://academic.research.microsoft.com/Author/370115/susan-m-sanchez | organization:Naval Postgraduate School
msas-2-20-69 | Sandeep Juneja | http://academic.research.microsoft.com/Author/837290/sandeep-juneja | organization:Tata Institute of Fundamental Research
msas-2-20-70 | Michael Pidd | http://academic.research.microsoft.com/Author/2325055/michael-pidd | organization:Lancaster University
msas-2-20-71 | Frederick P. Wieland | http://academic.research.microsoft.com/Author/47676590/frederick-p-wieland | organization:The MITRE Corporation
msas-2-20-72 | Michael G. McComas | http://academic.research.microsoft.com/Author/548878/michael-g-mccomas | organization:The MITRE Corporation
msas-2-20-73 | Boon-ping Gan | http://academic.research.microsoft.com/Author/175070/boon-ping-gan | organization:Agency for Science, Technology and Research Singapore
msas-2-20-74 | Daniel Thalmann | http://academic.research.microsoft.com/Author/244624/daniel-thalmann | organization:École Polytechnique Fédérale de Lausanne
msas-2-20-75 | Yi-bing Lin (林一平) | http://academic.research.microsoft.com/Author/2068060/yi-bing-lin | organization:National Chiao Tung University, Taiwan
msas-2-20-76 | Dirk P. Kroese | http://academic.research.microsoft.com/Author/70391/dirk-p-kroese | organization:University of Queensland
msas-2-20-77 | Richard M. Weatherly | http://academic.research.microsoft.com/Author/645163/richard-m-weatherly | organization:The MITRE Corporation
msas-2-20-78 | Mary C. Whitton | http://academic.research.microsoft.com/Author/10553683/mary-c-whitton | organization:University of North Carolina Chapel Hill
msas-2-20-79 | Peter D. Welch | http://academic.research.microsoft.com/Author/53417615/peter-d-welch | organization:IBM
msas-2-20-80 | Victor F. Nicola | http://academic.research.microsoft.com/Author/2070419/victor-f-nicola | organization:University of Twente
msas-2-20-81 | Giuseppe Riva | http://academic.research.microsoft.com/Author/760482/giuseppe-riva | organization:Università Cattolica del Sacro Cuore
msas-2-20-82 | Michael J. Zyda | http://academic.research.microsoft.com/Author/387232/michael-j-zyda | organization:University of Southern California
msas-2-20-83 | Martin Usoh | http://academic.research.microsoft.com/Author/328844/martin-usoh | organization:Westfield College
msas-2-20-84 | Cagatay Basdogan | http://academic.research.microsoft.com/Author/407002/cagatay-basdogan | organization:Koc University
msas-2-20-85 | Jeremy N. Bailenson | http://academic.research.microsoft.com/Author/411029/jeremy-n-bailenson | organization:Stanford University
msas-2-20-86 | Simon J. E. Taylor | http://academic.research.microsoft.com/Author/88773/simon-j-e-taylor | organization:Brunel University
msas-2-20-87 | Adelinde M. Uhrmacher | http://academic.research.microsoft.com/Author/2231572/adelinde-m-uhrmacher | organization:University of Rostock
msas-2-20-88 | Andrew F. Seila | http://academic.research.microsoft.com/Author/862562/andrew-f-seila | organization:University of Georgia
msas-2-20-89 | Enver Yucesan (Enver Yücesan) | http://academic.research.microsoft.com/Author/3316401/enver-yucesan | organization:INSEAD Business School
msas-2-20-90 | Charles R. McLean | http://academic.research.microsoft.com/Author/151879/charles-r-mclean | organization:INSEAD Business School
msas-2-20-91 | Russell R. Barton | http://academic.research.microsoft.com/Author/2162827/russell-r-barton | organization:Pennsylvania State University
msas-2-20-92 | Carl Tropper | http://academic.research.microsoft.com/Author/1926942/carl-tropper | organization:McGill University
msas-2-20-93 | Arnold H. Buss | http://academic.research.microsoft.com/Author/1461846/arnold-h-buss | organization:Naval Postgraduate School
msas-2-20-94 | Chun-Hung Chen | http://academic.research.microsoft.com/Author/593032/chun-hung-chen | organization:George Mason University
msas-2-20-95 | Julio C. Martinez | http://academic.research.microsoft.com/Author/3316031/julio-c-martinez | organization:Universidade Estadual de Campinas
msas-2-20-96 | Vlatka Hlupic | http://academic.research.microsoft.com/Author/1939792/vlatka-hlupic | organization:University of Westminster
msas-2-20-97 | Nicolas D. Georganas | http://academic.research.microsoft.com/Author/370908/nicolas-d-georganas | organization:University of Ottawa
msas-2-20-98 | Dieter Schmalstieg | http://academic.research.microsoft.com/Author/684155/dieter-schmalstieg | organization:Vienna University of Technology
msas-2-20-99 | Boris Lubachevsky | http://academic.research.microsoft.com/Author/200800/boris-lubachevsky | organization:Bell Labs (Lucent Technologies Inc.)
msas-2-20-100 | Sudhir Srinivasan | http://academic.research.microsoft.com/Author/47775074/sudhir-srinivasan | organization:University of Virginia
