msas-2-4-1 | Victor Basili | http://academic.research.microsoft.com/Author/994018/victor-basili | organization:University of Maryland
msas-2-4-2 | Edmund M. Clarke | http://academic.research.microsoft.com/Author/667542/edmund-m-clarke | organization:Carnegie Mellon University
msas-2-4-3 | Mary Jean Harrold | http://academic.research.microsoft.com/Author/2295139/mary-jean-harrold | organization:Georgia Institute of Technology
msas-2-4-4 | Barry Boehm | http://academic.research.microsoft.com/Author/1990966/barry-boehm | organization:University of Southern California
msas-2-4-5 | Amir Pnueli | http://academic.research.microsoft.com/Author/1017214/amir-pnueli | organization:Weizmann Institute of Science
msas-2-4-6 | David Garlan | http://academic.research.microsoft.com/Author/1780247/david-garlan | organization:Carnegie Mellon University
msas-2-4-7 | Jeff Kramer | http://academic.research.microsoft.com/Author/1200159/jeff-kramer | organization:Imperial College London
msas-2-4-8 | Lionel C. Briand | http://academic.research.microsoft.com/Author/1818317/lionel-c-briand | organization:Université du Luxembourg
msas-2-4-9 | Thomas A. Henzinger | http://academic.research.microsoft.com/Author/1644999/thomas-a-henzinger | organization:Institute of Science and Technology Austria
msas-2-4-10 | David L. Dill | http://academic.research.microsoft.com/Author/1654037/david-l-dill | organization:Stanford University
msas-2-4-11 | A. Jefferson Offutt (Jeff Offutt) | http://academic.research.microsoft.com/Author/150077/a-jefferson-offutt | organization:George Mason University
msas-2-4-12 | Gregg Rothermel | http://academic.research.microsoft.com/Author/1417835/gregg-rothermel | organization:University of Nebraska Lincoln
msas-2-4-13 | Thomas W. Reps | http://academic.research.microsoft.com/Author/316437/thomas-w-reps | organization:University of Wisconsin Madison
msas-2-4-14 | Gail C. Murphy | http://academic.research.microsoft.com/Author/755515/gail-c-murphy | organization:University of British Columbia
msas-2-4-15 | David Lorge Parnas | http://academic.research.microsoft.com/Author/64290/david-lorge-parnas | organization:University of Limerick
msas-2-4-16 | Thomas Ball | http://academic.research.microsoft.com/Author/1399202/thomas-ball | organization:Microsoft
msas-2-4-17 | David S. Notkin | http://academic.research.microsoft.com/Author/601959/david-s-notkin | organization:University of Washington
msas-2-4-18 | Nenad Medvidović | http://academic.research.microsoft.com/Author/795368/nenad-medvidovi | organization:University of Southern California
msas-2-4-19 | Rajeev Alur | http://academic.research.microsoft.com/Author/1423759/rajeev-alur | organization:University of Pennsylvania
msas-2-4-20 | Zohar Manna | http://academic.research.microsoft.com/Author/74212/zohar-manna | organization:Stanford University
msas-2-4-21 | Barbara Ann Kitchenham | http://academic.research.microsoft.com/Author/410331/barbara-ann-kitchenham | organization:Keele University
msas-2-4-22 | Douglas C. Schmidt | http://academic.research.microsoft.com/Author/386271/douglas-c-schmidt | organization:Vanderbilt University
msas-2-4-23 | Richard Taylor | http://academic.research.microsoft.com/Author/1536874/richard-taylor | organization:University of California Irvine
msas-2-4-24 | Mary Shaw | http://academic.research.microsoft.com/Author/1370132/mary-shaw | organization:Carnegie Mellon University
msas-2-4-25 | Don S. Batory | http://academic.research.microsoft.com/Author/1500881/don-s-batory | organization:University of Texas Austin
msas-2-4-26 | Anthony Finkelstein | http://academic.research.microsoft.com/Author/18046451/anthony-finkelstein | organization:University College London
msas-2-4-27 | Jeff Magee | http://academic.research.microsoft.com/Author/738673/jeff-magee | organization:Imperial College London
msas-2-4-28 | Elaine J. Weyuker | http://academic.research.microsoft.com/Author/1498760/elaine-j-weyuker | organization:AT&T Labs Research
msas-2-4-29 | Gerard Holzmann | http://academic.research.microsoft.com/Author/33342/gerard-holzmann | organization:Bell Labs (Lucent Technologies Inc.)
msas-2-4-30 | Stephane Ducasse | http://academic.research.microsoft.com/Author/315835/stephane-ducasse | organization:The French National Institute for Research in Computer Science and Control
msas-2-4-31 | Kim Guldstrand Larsen | http://academic.research.microsoft.com/Author/151382/kim-guldstrand-larsen | organization:Aalborg University
msas-2-4-32 | Alexander Wolf | http://academic.research.microsoft.com/Author/1688876/alexander-wolf | organization:Imperial College London
msas-2-4-33 | Grady Booch | http://academic.research.microsoft.com/Author/2261738/grady-booch | organization:IBM
msas-2-4-34 | Ralph Johnson | http://academic.research.microsoft.com/Author/812183/ralph-johnson | organization:University of Illinois Urbana Champaign
msas-2-4-35 | David Harel | http://academic.research.microsoft.com/Author/889494/david-harel | organization:Weizmann Institute of Science
msas-2-4-36 | Patrice Godefroid | http://academic.research.microsoft.com/Author/26526/patrice-godefroid | organization:Microsoft
msas-2-4-37 | Kenneth L. McMillan | http://academic.research.microsoft.com/Author/671394/kenneth-l-mcmillan | organization:Microsoft
msas-2-4-38 | Jan Bosch | http://academic.research.microsoft.com/Author/1011874/jan-bosch | organization:University of Groningen
msas-2-4-39 | Bashar Nuseibeh | http://academic.research.microsoft.com/Author/1903859/bashar-nuseibeh | organization:Open University UK
msas-2-4-40 | John Mylopoulos | http://academic.research.microsoft.com/Author/61801/john-mylopoulos | organization:University of Toronto
msas-2-4-41 | Moshe Vardi | http://academic.research.microsoft.com/Author/1545065/moshe-vardi | organization:Rice University
msas-2-4-42 | Joseph Goguen | http://academic.research.microsoft.com/Author/285550/joseph-goguen | organization:University of California San Diego
msas-2-4-43 | Matthew B. Dwyer | http://academic.research.microsoft.com/Author/1695628/matthew-b-dwyer | organization:University of Nebraska Lincoln
msas-2-4-44 | Orna Grumberg | http://academic.research.microsoft.com/Author/1171872/orna-grumberg | organization:Technion Israel Institute of Technology
msas-2-4-45 | Sriram Rajamani | http://academic.research.microsoft.com/Author/1338582/sriram-rajamani | organization:Microsoft
msas-2-4-46 | Nancy G. Leveson | http://academic.research.microsoft.com/Author/1770271/nancy-g-leveson | organization:Massachusetts Institute of Technology
msas-2-4-47 | Dewayne E. Perry | http://academic.research.microsoft.com/Author/181077/dewayne-e-perry | organization:University of Texas Austin
msas-2-4-48 | Mark Harman | http://academic.research.microsoft.com/Author/276064/mark-harman | organization:University College London
msas-2-4-49 | Leon Osterweil | http://academic.research.microsoft.com/Author/1628808/leon-osterweil | organization:University of Massachusetts
msas-2-4-50 | Lori Clarke | http://academic.research.microsoft.com/Author/731329/lori-clarke | organization:University of Massachusetts
msas-2-4-51 | Richard C. Holt | http://academic.research.microsoft.com/Author/44685/richard-c-holt | organization:University of Waterloo
msas-2-4-52 | Daniel Jackson | http://academic.research.microsoft.com/Author/436647/daniel-jackson | organization:Massachusetts Institute of Technology
msas-2-4-53 | Martin J. Shepperd | http://academic.research.microsoft.com/Author/275568/martin-j-shepperd | organization:Brunel University
msas-2-4-54 | Charles Antony Richard Hoare (C.A.R. Hoare) | http://academic.research.microsoft.com/Author/2542366/charles-antony-richard-hoare | organization:Microsoft
msas-2-4-55 | Ivar Jacobson | http://academic.research.microsoft.com/Author/1131701/ivar-jacobson | organization:Microsoft
msas-2-4-56 | Ian Sommerville | http://academic.research.microsoft.com/Author/810078/ian-sommerville | organization:University of Saint Andrews
msas-2-4-57 | Steve M. Easterbrook | http://academic.research.microsoft.com/Author/16649/steve-m-easterbrook | organization:University of Toronto
msas-2-4-58 | Kishor Trivedi | http://academic.research.microsoft.com/Author/32876/kishor-trivedi | organization:Duke University
msas-2-4-59 | Michael D. Ernst | http://academic.research.microsoft.com/Author/1200530/michael-d-ernst | organization:University of Washington
msas-2-4-60 | John Rushby | http://academic.research.microsoft.com/Author/1076581/john-rushby | organization:SRI International
msas-2-4-61 | Norman E. Fenton | http://academic.research.microsoft.com/Author/1730113/norman-e-fenton | organization:Queen Mary University of London
msas-2-4-62 | Alfonso Fuggetta | http://academic.research.microsoft.com/Author/790244/alfonso-fuggetta | organization:Politecnico di Milano
msas-2-4-63 | Klaus Havelund | http://academic.research.microsoft.com/Author/943946/klaus-havelund | organization:National Aeronautics and Space Administration, United States
msas-2-4-64 | Axel van Lamsweerde | http://academic.research.microsoft.com/Author/438079/axel-van-lamsweerde | organization:Université Catholique de Louvain
msas-2-4-65 | Oscar Nierstrasz | http://academic.research.microsoft.com/Author/289435/oscar-nierstrasz | organization:Universität Bern
msas-2-4-66 | Gail E. Kaiser | http://academic.research.microsoft.com/Author/1461050/gail-e-kaiser | organization:Columbia University
msas-2-4-67 | David S. Rosenblum | http://academic.research.microsoft.com/Author/59042/david-s-rosenblum | organization:National University of Singapore
msas-2-4-68 | Adam A. Porter | http://academic.research.microsoft.com/Author/616265/adam-a-porter | organization:University of Maryland
msas-2-4-69 | Gary T. Leavens | http://academic.research.microsoft.com/Author/60393/gary-t-leavens | organization:University of Central Florida
msas-2-4-70 | K. Rustan M. Leino | http://academic.research.microsoft.com/Author/2442863/k-rustan-m-leino | organization:Microsoft
msas-2-4-71 | Mooly Sagiv | http://academic.research.microsoft.com/Author/73601/mooly-sagiv | organization:Tel Aviv University
msas-2-4-72 | Leslie Lamport | http://academic.research.microsoft.com/Author/1817419/leslie-lamport | organization:Microsoft
msas-2-4-73 | James E. Rumbaugh (Jim Rumbaugh) | http://academic.research.microsoft.com/Author/842416/james-e-rumbaugh | organization:IBM
msas-2-4-74 | Giuliano Antoniol | http://academic.research.microsoft.com/Author/137638/giuliano-antoniol | organization:École Polytechnique de Montreal
msas-2-4-75 | Robert France | http://academic.research.microsoft.com/Author/1231240/robert-france | organization:Colorado State University
msas-2-4-76 | Paolo Tonella | http://academic.research.microsoft.com/Author/846388/paolo-tonella | organization:Fondazione Bruno Kessler
msas-2-4-77 | Rick Kazman | http://academic.research.microsoft.com/Author/1554243/rick-kazman | organization:University of Hawaii System
msas-2-4-78 | Kevin Sullivan | http://academic.research.microsoft.com/Author/1769228/kevin-sullivan | organization:University of Virginia
msas-2-4-79 | Khaled El Emam | http://academic.research.microsoft.com/Author/57153/khaled-el-emam | organization:University of Ottawa
msas-2-4-80 | Paul C. Clements | http://academic.research.microsoft.com/Author/1902888/paul-c-clements | organization:Carnegie Mellon University
msas-2-4-81 | Mary Lou Soffa | http://academic.research.microsoft.com/Author/753069/mary-lou-soffa | organization:University of Virginia
msas-2-4-82 | Gregor Kiczales | http://academic.research.microsoft.com/Author/840008/gregor-kiczales | organization:University of British Columbia
msas-2-4-83 | Lawrence G. Votta | http://academic.research.microsoft.com/Author/1633442/lawrence-g-votta | organization:Bell Labs (Lucent Technologies Inc.)
msas-2-4-84 | Bill Curtis | http://academic.research.microsoft.com/Author/85018/bill-curtis | organization:University of North Texas
msas-2-4-85 | Claes Wohlin | http://academic.research.microsoft.com/Author/2484380/claes-wohlin | organization:Blekinge Institute of Technology
msas-2-4-86 | Taghi M. Khoshgoftaar | http://academic.research.microsoft.com/Author/1981909/taghi-m-khoshgoftaar | organization:Florida Atlantic University
msas-2-4-87 | Reidar Conradi | http://academic.research.microsoft.com/Author/2132771/reidar-conradi | organization:Norwegian University of Science & Technology
msas-2-4-88 | Bertrand Meyer | http://academic.research.microsoft.com/Author/2149865/bertrand-meyer | organization:Swiss Federal Institute of Technology Zurich
msas-2-4-89 | Arie van Deursen | http://academic.research.microsoft.com/Author/781239/arie-van-deursen | organization:Delft University of Technology
msas-2-4-90 | Debra J. Richardson | http://academic.research.microsoft.com/Author/561063/debra-j-richardson | organization:University of California Irvine
msas-2-4-91 | Alessandro Orso | http://academic.research.microsoft.com/Author/448985/alessandro-orso | organization:Georgia Institute of Technology
msas-2-4-92 | Shari Lawrence Pfleeger | http://academic.research.microsoft.com/Author/1165764/shari-lawrence-pfleeger | organization:Dartmouth College
msas-2-4-93 | M. M. Lehman | http://academic.research.microsoft.com/Author/624861/m-m-lehman | organization:Imperial College London
msas-2-4-94 | Doron A. Peled | http://academic.research.microsoft.com/Author/624837/doron-a-peled | organization:University of Warwick
msas-2-4-95 | William Griswold | http://academic.research.microsoft.com/Author/1765874/william-griswold | organization:University of California San Diego
msas-2-4-96 | Edward J. Mccluskey | http://academic.research.microsoft.com/Author/129742/edward-j-mccluskey | organization:Stanford University
msas-2-4-97 | Susan Horwitz | http://academic.research.microsoft.com/Author/2344131/susan-horwitz | organization:University of Wisconsin Madison
msas-2-4-98 | Carlo Ghezzi | http://academic.research.microsoft.com/Author/1710746/carlo-ghezzi | organization:Politecnico di Milano
msas-2-4-99 | Neil A. M. Maiden | http://academic.research.microsoft.com/Author/54674/neil-a-m-maiden | organization:City University London
msas-2-4-100 | Serge Demeyer | http://academic.research.microsoft.com/Author/832491/serge-demeyer | organization:University of Antwerp
