mas-a-2-15-1 | James A. Hendler (Jim) | http://academic.research.microsoft.com/Author/642369/james-a-hendler | organization:Rensselaer Polytechnic Institute
mas-a-2-15-2 | Ian Horrocks | http://academic.research.microsoft.com/Author/1622794/ian-horrocks | organization:University of Oxford
mas-a-2-15-3 | Amit P. Sheth | http://academic.research.microsoft.com/Author/10549088/amit-p-sheth | organization:Wright State University
mas-a-2-15-4 | Bijan Parsia | http://academic.research.microsoft.com/Author/190315/bijan-parsia | organization:University of Manchester
mas-a-2-15-5 | Steffen Staab | http://academic.research.microsoft.com/Author/285967/steffen-staab | organization:University of Koblenz Landau
mas-a-2-15-6 | Frank van Harmelen | http://academic.research.microsoft.com/Author/95796/frank-van-harmelen | organization:VU University of Amsterdam
mas-a-2-15-7 | Stefan Decker | http://academic.research.microsoft.com/Author/394556/stefan-decker | organization:National University of Ireland Galway
mas-a-2-15-8 | Katia Sycara | http://academic.research.microsoft.com/Author/2428888/katia-sycara | organization:Carnegie Mellon University
mas-a-2-15-9 | Tim Berners-Lee | http://academic.research.microsoft.com/Author/38181/tim-berners-lee | organization:World Wide Web Consortium
mas-a-2-15-10 | Wolfgang Nejdl | http://academic.research.microsoft.com/Author/306254/wolfgang-nejdl | organization:University of Hannover
mas-a-2-15-11 | Wendy Hall | http://academic.research.microsoft.com/Author/486016/wendy-hall | organization:University of Southampton
mas-a-2-15-12 | Peter F. Patel-schneider | http://academic.research.microsoft.com/Author/986103/peter-f-patel-schneider | organization:Bell Labs (Lucent Technologies Inc.)
mas-a-2-15-13 | Hector Garcia-Molina (Héctor García-Molina) | http://academic.research.microsoft.com/Author/2074079/hector-garcia-molina | organization:Stanford University
mas-a-2-15-14 | Daniel Schwabe | http://academic.research.microsoft.com/Author/299897/daniel-schwabe | organization:Pontificia Universidade Católica do Rio de Janeiro
mas-a-2-15-15 | Paul De Bra | http://academic.research.microsoft.com/Author/138111/paul-de-bra | organization:Eindhoven University of Technology
mas-a-2-15-16 | Dieter Fensel | http://academic.research.microsoft.com/Author/1692018/dieter-fensel | organization:Universität Innsbruck
mas-a-2-15-17 | Massimo Paolucci | http://academic.research.microsoft.com/Author/1356879/massimo-paolucci | organization:Università degli Studi di Genova
mas-a-2-15-18 | Evren Sirin | http://academic.research.microsoft.com/Author/592209/evren-sirin | organization:University of Maryland
mas-a-2-15-19 | Gustavo Rossi | http://academic.research.microsoft.com/Author/2124012/gustavo-rossi | organization:Universidad Nacional de la Plata
mas-a-2-15-20 | Carole Goble | http://academic.research.microsoft.com/Author/829389/carole-goble | organization:University of Manchester
mas-a-2-15-21 | Peter Brusilovsky | http://academic.research.microsoft.com/Author/1749495/peter-brusilovsky | organization:University of Pittsburgh
mas-a-2-15-22 | Nora Koch | http://academic.research.microsoft.com/Author/64480/nora-koch | organization:Ludwig Maximilian University of Munich
mas-a-2-15-23 | Boualem Benatallah | http://academic.research.microsoft.com/Author/388608/boualem-benatallah | organization:University of New South Wales
mas-a-2-15-24 | Deborah L. Mcguinness | http://academic.research.microsoft.com/Author/1631029/deborah-l-mcguinness | organization:Stanford University
mas-a-2-15-25 | Kunal Verma | http://academic.research.microsoft.com/Author/395526/kunal-verma | organization:Stanford University
mas-a-2-15-26 | Balachander Krishnamurthy | http://academic.research.microsoft.com/Author/1181241/balachander-krishnamurthy | organization:AT&T Labs Research
mas-a-2-15-27 | Francisco Curbera | http://academic.research.microsoft.com/Author/1383748/francisco-curbera | organization:IBM
mas-a-2-15-28 | Sanjiva Weerawarana | http://academic.research.microsoft.com/Author/2177177/sanjiva-weerawarana | organization:University of Moratuwa
mas-a-2-15-29 | Enrico Motta | http://academic.research.microsoft.com/Author/769752/enrico-motta | organization:Open University UK
mas-a-2-15-30 | Tim Finin | http://academic.research.microsoft.com/Author/24269365/tim-finin | organization:University of Maryland Baltimore County
mas-a-2-15-31 | Kaj Grønbæk | http://academic.research.microsoft.com/Author/1266353/kaj-gr-nb-k | organization:Aarhus University
mas-a-2-15-32 | Geert-jan Houben | http://academic.research.microsoft.com/Author/1582198/geert-jan-houben | organization:Delft University of Technology
mas-a-2-15-33 | Hugh Davis | http://academic.research.microsoft.com/Author/1043454/hugh-davis | organization:University of Southampton
mas-a-2-15-34 | Marta Sabou | http://academic.research.microsoft.com/Author/366170/marta-sabou | organization:Open University UK
mas-a-2-15-35 | Andrew Tomkins | http://academic.research.microsoft.com/Author/279899/andrew-tomkins | organization:Yahoo Research Labs
mas-a-2-15-36 | Ravi Kumar | http://academic.research.microsoft.com/Author/5899411/ravi-kumar | organization:Yahoo Research Labs
mas-a-2-15-37 | Rudi Studer | http://academic.research.microsoft.com/Author/1307316/rudi-studer | organization:Karlsruher Institute of Technology
mas-a-2-15-38 | Ora Lassila | http://academic.research.microsoft.com/Author/198858/ora-lassila | organization:Karlsruher Institute of Technology
mas-a-2-15-39 | Michael N. Huhns | http://academic.research.microsoft.com/Author/426491/michael-n-huhns | organization:University of South Carolina
mas-a-2-15-40 | Munindar P. Singh | http://academic.research.microsoft.com/Author/21067/munindar-p-singh | organization:North Carolina State University
mas-a-2-15-41 | Nigel R. Shadbolt | http://academic.research.microsoft.com/Author/19614870/nigel-r-shadbolt | organization:University of Southampton
mas-a-2-15-42 | Wei-ying Ma (马维英) | http://academic.research.microsoft.com/Author/922315/wei-ying-ma | organization:Microsoft
mas-a-2-15-43 | Cathy Marshall | http://academic.research.microsoft.com/Author/120126/cathy-marshall | organization:Microsoft
mas-a-2-15-44 | Daniel Menasce | http://academic.research.microsoft.com/Author/73675/daniel-menasce | organization:George Mason University
mas-a-2-15-45 | Alon Halevy | http://academic.research.microsoft.com/Author/1551319/alon-halevy | organization:Google Inc.
mas-a-2-15-46 | Junghoo Cho | http://academic.research.microsoft.com/Author/53246659/junghoo-cho | organization:University of California Los Angeles
mas-a-2-15-47 | David C. De Roure | http://academic.research.microsoft.com/Author/22935859/david-c-de-roure | organization:University of Oxford
mas-a-2-15-48 | Richard Furuta | http://academic.research.microsoft.com/Author/1182184/richard-furuta | organization:Texas A&M University
mas-a-2-15-49 | Stefano Ceri | http://academic.research.microsoft.com/Author/54335/stefano-ceri | organization:Politecnico di Milano
mas-a-2-15-50 | Frank M. Shipman | http://academic.research.microsoft.com/Author/400530/frank-m-shipman | organization:Texas A&M University
mas-a-2-15-51 | Siegfried Handschuh | http://academic.research.microsoft.com/Author/740084/siegfried-handschuh | organization:Digital Enterprise Research Institute
mas-a-2-15-52 | John A. Miller | http://academic.research.microsoft.com/Author/6834267/john-a-miller | organization:University of Georgia
mas-a-2-15-53 | Fabio Casati | http://academic.research.microsoft.com/Author/1578905/fabio-casati | organization:Università degli Studi di Trento
mas-a-2-15-54 | Vassilis Christophides | http://academic.research.microsoft.com/Author/1848345/vassilis-christophides | organization:Foundation for Research and Technology Hellas
mas-a-2-15-55 | Prabhakar Raghavan | http://academic.research.microsoft.com/Author/2118232/prabhakar-raghavan | organization:Yahoo Research Labs
mas-a-2-15-56 | Zheng Chen (陈正) | http://academic.research.microsoft.com/Author/568563/zheng-chen | organization:Microsoft
mas-a-2-15-57 | Frank Leymann | http://academic.research.microsoft.com/Author/886017/frank-leymann | organization:University of Stuttgart
mas-a-2-15-58 | Lynda Hardman | http://academic.research.microsoft.com/Author/403378/lynda-hardman | organization:Centrum Voor Wiskunde en Informatica
mas-a-2-15-59 | Sean Bechhofer | http://academic.research.microsoft.com/Author/1018674/sean-bechhofer | organization:University of Manchester
mas-a-2-15-60 | John J. Leggett | http://academic.research.microsoft.com/Author/2372703/john-j-leggett | organization:Texas A&M University
mas-a-2-15-61 | Raphael Volz | http://academic.research.microsoft.com/Author/1036440/raphael-volz | organization:Texas A&M University
mas-a-2-15-62 | Ramanathan V. Guha | http://academic.research.microsoft.com/Author/2972682/ramanathan-v-guha | organization:Google Inc.
mas-a-2-15-63 | Schahram Dustdar | http://academic.research.microsoft.com/Author/1357196/schahram-dustdar | organization:Vienna University of Technology
mas-a-2-15-64 | Yong Yu | http://academic.research.microsoft.com/Author/2155464/yong-yu | organization:Shanghai Jiao Tong University
mas-a-2-15-65 | Ricardo A. Baeza-yates | http://academic.research.microsoft.com/Author/7920/ricardo-a-baeza-yates | organization:Yahoo Research Labs
mas-a-2-15-66 | John Domingue | http://academic.research.microsoft.com/Author/142317/john-domingue | organization:Open University UK
mas-a-2-15-67 | Les Carr | http://academic.research.microsoft.com/Author/42236577/les-carr | organization:University of Southampton
mas-a-2-15-68 | Robert Stevens | http://academic.research.microsoft.com/Author/232694/robert-stevens | organization:University of Manchester
mas-a-2-15-69 | Heiner Stuckenschmidt | http://academic.research.microsoft.com/Author/329674/heiner-stuckenschmidt | organization:University of Mannheim
mas-a-2-15-70 | Michael P. Bieber | http://academic.research.microsoft.com/Author/811261/michael-p-bieber | organization:New Jersey Institute of Technology
mas-a-2-15-71 | Jennifer Golbeck | http://academic.research.microsoft.com/Author/319088/jennifer-golbeck | organization:University of Maryland
mas-a-2-15-72 | Marlon Dumas | http://academic.research.microsoft.com/Author/66237/marlon-dumas | organization:Tartu University
mas-a-2-15-73 | Boris Motik | http://academic.research.microsoft.com/Author/1460907/boris-motik | organization:University of Oxford
mas-a-2-15-74 | Marc Najork | http://academic.research.microsoft.com/Author/296347/marc-najork | organization:Microsoft
mas-a-2-15-75 | Andreas Hotho | http://academic.research.microsoft.com/Author/1348132/andreas-hotho | organization:University of Würzburg
mas-a-2-15-76 | Sheila McIlraith | http://academic.research.microsoft.com/Author/496092/sheila-mcilraith | organization:University of Toronto
mas-a-2-15-77 | Steve Lawrence | http://academic.research.microsoft.com/Author/768284/steve-lawrence | organization:Google Inc.
mas-a-2-15-78 | Naveen Srinivasan | http://academic.research.microsoft.com/Author/286343/naveen-srinivasan | organization:Indira Gandhi Institute of Development Research
mas-a-2-15-79 | Steve Vinoski | http://academic.research.microsoft.com/Author/732050/steve-vinoski | organization:Washington University in St. Louis
mas-a-2-15-80 | Piero Fraternali | http://academic.research.microsoft.com/Author/373275/piero-fraternali | organization:Politecnico di Milano
mas-a-2-15-81 | Uffe Kock Wiil | http://academic.research.microsoft.com/Author/385281/uffe-kock-wiil | organization:University of Southern Denmark
mas-a-2-15-82 | Elisa Bertino | http://academic.research.microsoft.com/Author/1981304/elisa-bertino | organization:Purdue University
mas-a-2-15-83 | Nicola Henze | http://academic.research.microsoft.com/Author/487425/nicola-henze | organization:University of Hannover
mas-a-2-15-84 | Jeff Z. Pan | http://academic.research.microsoft.com/Author/1611868/jeff-z-pan | organization:University of Aberdeen
mas-a-2-15-85 | Barry Smyth | http://academic.research.microsoft.com/Author/69363/barry-smyth | organization:University of Aberdeen
mas-a-2-15-86 | Carlos Castillo (ChaTo) | http://academic.research.microsoft.com/Author/236038/carlos-castillo | organization:University of Aberdeen
mas-a-2-15-87 | Jacco van Ossenbruggen | http://academic.research.microsoft.com/Author/406142/jacco-van-ossenbruggen | organization:Centrum Voor Wiskunde en Informatica
mas-a-2-15-88 | Lloyd Rutledge | http://academic.research.microsoft.com/Author/157903/lloyd-rutledge | organization:Open University of the Netherlands
mas-a-2-15-89 | Amanda Helen Spink | http://academic.research.microsoft.com/Author/691287/amanda-helen-spink | organization:Loughborough University
mas-a-2-15-90 | Ulrike Sattler | http://academic.research.microsoft.com/Author/1794500/ulrike-sattler | organization:University of Manchester
mas-a-2-15-91 | Yu-Zhong Qu | http://academic.research.microsoft.com/Author/331884/yu-zhong-qu | organization:Nanjing University
mas-a-2-15-92 | Christian Bizer | http://academic.research.microsoft.com/Author/255707/christian-bizer | organization:Free University of Berlin
mas-a-2-15-93 | Filippo Menczer | http://academic.research.microsoft.com/Author/595787/filippo-menczer | organization:Indiana University
mas-a-2-15-94 | Anupam Joshi | http://academic.research.microsoft.com/Author/1407185/anupam-joshi | organization:University of Maryland Baltimore County
mas-a-2-15-95 | David R. Karger | http://academic.research.microsoft.com/Author/182819/david-r-karger | organization:Massachusetts Institute of Technology
mas-a-2-15-96 | Craig E. Wills | http://academic.research.microsoft.com/Author/986055/craig-e-wills | organization:Worcester Polytechnic Institute
mas-a-2-15-97 | Dimitris Plexousakis | http://academic.research.microsoft.com/Author/288535/dimitris-plexousakis | organization:Free University of Berlin
mas-a-2-15-98 | Bing Liu | http://academic.research.microsoft.com/Author/2195672/bing-liu | organization:University of Illinois Chicago
mas-a-2-15-99 | Gerd Stumme | http://academic.research.microsoft.com/Author/1144506/gerd-stumme | organization:University of Kassel
mas-a-2-15-100 | Vladimir Tosic | http://academic.research.microsoft.com/Author/244057/vladimir-tosic | organization:University of New South Wales
