msas-2-7-1 | Jiawei Han (韩家炜) | http://academic.research.microsoft.com/Author/594572/jiawei-han | organization:University of Illinois Urbana Champaign
msas-2-7-2 | Philip S. Yu | http://academic.research.microsoft.com/Author/1329/philip-s-yu | organization:University of Illinois Chicago
msas-2-7-3 | Rakesh Agrawal | http://academic.research.microsoft.com/Author/2209729/rakesh-agrawal | organization:Microsoft
msas-2-7-4 | Christos Faloutsos | http://academic.research.microsoft.com/Author/1028677/christos-faloutsos | organization:Carnegie Mellon University
msas-2-7-5 | Hans-Peter Kriegel | http://academic.research.microsoft.com/Author/421332/hans-peter-kriegel | organization:Ludwig Maximilian University of Munich
msas-2-7-6 | Eamonn J. Keogh | http://academic.research.microsoft.com/Author/928687/eamonn-j-keogh | organization:University of California Riverside
msas-2-7-7 | George Karypis | http://academic.research.microsoft.com/Author/1374770/george-karypis | organization:University of Minnesota
msas-2-7-8 | Heikki Mannila | http://academic.research.microsoft.com/Author/355687/heikki-mannila | organization:University of Helsinki
msas-2-7-9 | Andrew Mccallum | http://academic.research.microsoft.com/Author/2232623/andrew-mccallum | organization:University of Massachusetts
msas-2-7-10 | Jian Pei | http://academic.research.microsoft.com/Author/2028266/jian-pei | organization:Simon Fraser University
msas-2-7-11 | Padhraic Smyth | http://academic.research.microsoft.com/Author/497116/padhraic-smyth | organization:University of California Irvine
msas-2-7-12 | Rajeev Motwani | http://academic.research.microsoft.com/Author/843546/rajeev-motwani | organization:Stanford University
msas-2-7-13 | Mohammed Javeed Zaki | http://academic.research.microsoft.com/Author/55476/mohammed-javeed-zaki | organization:Rensselaer Polytechnic Institute
msas-2-7-14 | Vipin Kumar | http://academic.research.microsoft.com/Author/647287/vipin-kumar | organization:University of Minnesota
msas-2-7-15 | Hector Garcia-Molina (Héctor García-Molina) | http://academic.research.microsoft.com/Author/2074079/hector-garcia-molina | organization:Stanford University
msas-2-7-16 | Charu C. Aggarwal | http://academic.research.microsoft.com/Author/290491/charu-c-aggarwal | organization:IBM
msas-2-7-17 | Bing Liu | http://academic.research.microsoft.com/Author/2195672/bing-liu | organization:University of Illinois Chicago
msas-2-7-18 | Prabhakar Raghavan | http://academic.research.microsoft.com/Author/2118232/prabhakar-raghavan | organization:Yahoo Research Labs
msas-2-7-19 | Dimitrios Gunopulos | http://academic.research.microsoft.com/Author/1520927/dimitrios-gunopulos | organization:National and Kapodistrian University of Athens, Greece
msas-2-7-20 | Johannes Gehrke | http://academic.research.microsoft.com/Author/1391553/johannes-gehrke | organization:Cornell University
msas-2-7-21 | Usama Fayyad | http://academic.research.microsoft.com/Author/678929/usama-fayyad | organization:Yahoo Research Labs
msas-2-7-22 | Wei Wang (王薇) | http://academic.research.microsoft.com/Author/1442048/wei-wang | organization:University of North Carolina Chapel Hill
msas-2-7-23 | Ke Wang | http://academic.research.microsoft.com/Author/55979/ke-wang | organization:Simon Fraser University
msas-2-7-24 | Bamshad Mobasher | http://academic.research.microsoft.com/Author/1724006/bamshad-mobasher | organization:Depaul University
msas-2-7-25 | William W. Cohen | http://academic.research.microsoft.com/Author/2394725/william-w-cohen | organization:Carnegie Mellon University
msas-2-7-26 | Hannu T. T. Toivonen | http://academic.research.microsoft.com/Author/5525/hannu-t-t-toivonen | organization:University of Helsinki
msas-2-7-27 | Jon M. Kleinberg | http://academic.research.microsoft.com/Author/2461510/jon-m-kleinberg | organization:Cornell University
msas-2-7-28 | Elisa Bertino | http://academic.research.microsoft.com/Author/1981304/elisa-bertino | organization:Purdue University
msas-2-7-29 | Martin Ester | http://academic.research.microsoft.com/Author/1170719/martin-ester | organization:Simon Fraser University
msas-2-7-30 | Yufei Tao (陶宇飞) | http://academic.research.microsoft.com/Author/450553/yufei-tao | organization:Chinese University of Hong Kong
msas-2-7-31 | Andrew Tomkins | http://academic.research.microsoft.com/Author/279899/andrew-tomkins | organization:Yahoo Research Labs
msas-2-7-32 | Pedro Domingos | http://academic.research.microsoft.com/Author/22044/pedro-domingos | organization:University of Washington
msas-2-7-33 | Huan Liu (刘欢) | http://academic.research.microsoft.com/Author/457858/huan-liu | organization:Arizona State University
msas-2-7-34 | Foster Provost | http://academic.research.microsoft.com/Author/37294/foster-provost | organization:New York University
msas-2-7-35 | H. V. Jagadish | http://academic.research.microsoft.com/Author/778153/h-v-jagadish | organization:University of Michigan
msas-2-7-36 | Raymond Mooney | http://academic.research.microsoft.com/Author/195886/raymond-mooney | organization:University of Texas Austin
msas-2-7-37 | Jennifer Widom | http://academic.research.microsoft.com/Author/767315/jennifer-widom | organization:Stanford University
msas-2-7-38 | Ming-syan Chen | http://academic.research.microsoft.com/Author/1827666/ming-syan-chen | organization:National Taiwan University
msas-2-7-39 | Hongjun Lu (陸宏鈞) | http://academic.research.microsoft.com/Author/1267545/hongjun-lu | organization:Hong Kong University of Science & Technology
msas-2-7-40 | Surajit Chaudhuri | http://academic.research.microsoft.com/Author/354306/surajit-chaudhuri | organization:Microsoft
msas-2-7-41 | Nick Koudas | http://academic.research.microsoft.com/Author/1196749/nick-koudas | organization:University of Toronto
msas-2-7-42 | Salvatore Stolfo | http://academic.research.microsoft.com/Author/318148/salvatore-stolfo | organization:Columbia University
msas-2-7-43 | Ravi Kumar | http://academic.research.microsoft.com/Author/5899411/ravi-kumar | organization:Yahoo Research Labs
msas-2-7-44 | Inderjit Dhillon | http://academic.research.microsoft.com/Author/1386055/inderjit-dhillon | organization:University of Texas Austin
msas-2-7-45 | Michael Pazzani | http://academic.research.microsoft.com/Author/2226818/michael-pazzani | organization:Rutgers, The State University of New Jersey
msas-2-7-46 | Beng Chin Ooi | http://academic.research.microsoft.com/Author/1112498/beng-chin-ooi | organization:National University of Singapore
msas-2-7-47 | Divyakant Agrawal | http://academic.research.microsoft.com/Author/2219049/divyakant-agrawal | organization:University of California Santa Barbara
msas-2-7-48 | Yiyu Yao | http://academic.research.microsoft.com/Author/3315861/yiyu-yao | organization:University of Regina
msas-2-7-49 | Donald D. Jensen | http://academic.research.microsoft.com/Author/8998590/donald-d-jensen | organization:University of Massachusetts
msas-2-7-50 | Christopher W. Clifton | http://academic.research.microsoft.com/Author/1616519/christopher-w-clifton | organization:Purdue University
msas-2-7-51 | Raghu Ramakrishnan | http://academic.research.microsoft.com/Author/1480663/raghu-ramakrishnan | organization:Microsoft
msas-2-7-52 | Raymond Ng | http://academic.research.microsoft.com/Author/105259/raymond-ng | organization:University of British Columbia
msas-2-7-53 | Philip K. Chan | http://academic.research.microsoft.com/Author/2293994/philip-k-chan | organization:Queen's University Belfast
msas-2-7-54 | Thorsten Joachims | http://academic.research.microsoft.com/Author/1519133/thorsten-joachims | organization:Cornell University
msas-2-7-55 | Jeffrey Xu Yu (于旭) | http://academic.research.microsoft.com/Author/1172337/jeffrey-xu-yu | organization:Chinese University of Hong Kong
msas-2-7-56 | Jaideep Srivastava | http://academic.research.microsoft.com/Author/1010882/jaideep-srivastava | organization:University of Minnesota
msas-2-7-57 | Shashi Shekhar | http://academic.research.microsoft.com/Author/680107/shashi-shekhar | organization:University of Minnesota
msas-2-7-58 | C. Lee Giles | http://academic.research.microsoft.com/Author/1037303/c-lee-giles | organization:Pennsylvania State University
msas-2-7-59 | Hillol Kargupta | http://academic.research.microsoft.com/Author/1430515/hillol-kargupta | organization:University of Maryland Baltimore County
msas-2-7-60 | Joydeep Ghosh | http://academic.research.microsoft.com/Author/624559/joydeep-ghosh | organization:University of Texas Austin
msas-2-7-61 | Clement Yu | http://academic.research.microsoft.com/Author/192577/clement-yu | organization:Columbia University
msas-2-7-62 | Ahmed Elmagarmid | http://academic.research.microsoft.com/Author/668699/ahmed-elmagarmid | organization:Purdue University
msas-2-7-63 | Ron Kohavi | http://academic.research.microsoft.com/Author/1585883/ron-kohavi | organization:Microsoft
msas-2-7-64 | Michael Stonebraker | http://academic.research.microsoft.com/Author/131523/michael-stonebraker | organization:Massachusetts Institute of Technology
msas-2-7-65 | Kamal Nigam | http://academic.research.microsoft.com/Author/851549/kamal-nigam | organization:Google Inc.
msas-2-7-66 | Ramakrishnan Srikant | http://academic.research.microsoft.com/Author/1072409/ramakrishnan-srikant | organization:Google Inc.
msas-2-7-67 | Haixun Wang (王海勋) | http://academic.research.microsoft.com/Author/1057192/haixun-wang | organization:Microsoft
msas-2-7-68 | Srinivasan Parthasarathy | http://academic.research.microsoft.com/Author/2237190/srinivasan-parthasarathy | organization:Ohio State University
msas-2-7-69 | Lise Getoor | http://academic.research.microsoft.com/Author/725126/lise-getoor | organization:University of Maryland
msas-2-7-70 | Divesh Srivastava | http://academic.research.microsoft.com/Author/85097/divesh-srivastava | organization:AT&T Labs Research
msas-2-7-71 | Ada Wai-chee Fu (傅慰慈) | http://academic.research.microsoft.com/Author/681803/ada-wai-chee-fu | organization:Chinese University of Hong Kong
msas-2-7-72 | Chris H. Q. Ding (Hong-Qiang Ding, Hong Q. Ding) | http://academic.research.microsoft.com/Author/636250/chris-h-q-ding | organization:University of Texas Arlington
msas-2-7-73 | Amr El Abbadi | http://academic.research.microsoft.com/Author/553730/amr-el-abbadi | organization:University of California Santa Barbara
msas-2-7-74 | Dimitris Papadias | http://academic.research.microsoft.com/Author/703344/dimitris-papadias | organization:Hong Kong University of Science & Technology
msas-2-7-75 | Gregory Piatetsky-shapiro | http://academic.research.microsoft.com/Author/1468804/gregory-piatetsky-shapiro | organization:Simon Fraser University
msas-2-7-76 | Dennis Shasha | http://academic.research.microsoft.com/Author/562556/dennis-shasha | organization:New York University
msas-2-7-77 | Steve Lawrence | http://academic.research.microsoft.com/Author/768284/steve-lawrence | organization:Google Inc.
msas-2-7-78 | QIANG YANG (楊強) | http://academic.research.microsoft.com/Author/435931/qiang-yang | organization:Hong Kong University of Science & Technology
msas-2-7-79 | Osmar Zaiane | http://academic.research.microsoft.com/Author/190695/osmar-zaiane | organization:University of Alberta
msas-2-7-80 | Gerhard Weikum | http://academic.research.microsoft.com/Author/796710/gerhard-weikum | organization:Max Planck Gesellschaft
msas-2-7-81 | David Wai-lok Cheung (张伟牢) | http://academic.research.microsoft.com/Author/891133/david-wai-lok-cheung | organization:University of Hong Kong
msas-2-7-82 | Pang-ning Tan | http://academic.research.microsoft.com/Author/1859643/pang-ning-tan | organization:Michigan State University
msas-2-7-83 | Aristides Gionis | http://academic.research.microsoft.com/Author/348138/aristides-gionis | organization:Yahoo Research Labs
msas-2-7-84 | Christian S. Jensen | http://academic.research.microsoft.com/Author/11314/christian-s-jensen | organization:Aalborg University
msas-2-7-85 | Daniel A. Keim | http://academic.research.microsoft.com/Author/685131/daniel-a-keim | organization:University of Konstanz
msas-2-7-86 | Laks Lakshmanan | http://academic.research.microsoft.com/Author/871243/laks-lakshmanan | organization:University of British Columbia
msas-2-7-87 | Jianyong Wang (王建勇) | http://academic.research.microsoft.com/Author/1396698/jianyong-wang | organization:Tsinghua University China
msas-2-7-88 | Dik Lun Lee (李迪麟) | http://academic.research.microsoft.com/Author/1578533/dik-lun-lee | organization:Hong Kong University of Science & Technology
msas-2-7-89 | Guozhu Dong | http://academic.research.microsoft.com/Author/2363962/guozhu-dong | organization:Wright State University
msas-2-7-90 | Wei-ying Ma (马维英) | http://academic.research.microsoft.com/Author/922315/wei-ying-ma | organization:Microsoft
msas-2-7-91 | W. Bruce Croft | http://academic.research.microsoft.com/Author/28553/w-bruce-croft | organization:University of Massachusetts
msas-2-7-92 | Kyuseok Shim (심규석) | http://academic.research.microsoft.com/Author/5061/kyuseok-shim | organization:Seoul National University
msas-2-7-93 | Sunita Sarawagi | http://academic.research.microsoft.com/Author/850509/sunita-sarawagi | organization:Indian Institute of Technology Bombay
msas-2-7-94 | Umeshwar Dayal | http://academic.research.microsoft.com/Author/1261761/umeshwar-dayal | organization:HP Labs
msas-2-7-95 | John Riedl | http://academic.research.microsoft.com/Author/2172501/john-riedl | organization:University of Minnesota
msas-2-7-96 | David Dewitt | http://academic.research.microsoft.com/Author/910887/david-dewitt | organization:University of Wisconsin Madison
msas-2-7-97 | Ricardo A. Baeza-yates | http://academic.research.microsoft.com/Author/7920/ricardo-a-baeza-yates | organization:Yahoo Research Labs
msas-2-7-98 | Soumen Chakrabarti | http://academic.research.microsoft.com/Author/902621/soumen-chakrabarti | organization:Indian Institute of Technology Bombay
msas-2-7-99 | Venkatesh Ganti | http://academic.research.microsoft.com/Author/256070/venkatesh-ganti | organization:Google Inc.
msas-2-7-100 | Kian-lee Tan | http://academic.research.microsoft.com/Author/398004/kian-lee-tan | organization:National University of Singapore
