msas-2-18-1 | Hector Garcia-Molina (Héctor García-Molina) | http://academic.research.microsoft.com/Author/2074079/hector-garcia-molina | organization:Stanford University
msas-2-18-2 | Alon Halevy | http://academic.research.microsoft.com/Author/1551319/alon-halevy | organization:Google Inc.
msas-2-18-3 | Jennifer Widom | http://academic.research.microsoft.com/Author/767315/jennifer-widom | organization:Stanford University
msas-2-18-4 | David Dewitt | http://academic.research.microsoft.com/Author/910887/david-dewitt | organization:University of Wisconsin Madison
msas-2-18-5 | Michael Stonebraker | http://academic.research.microsoft.com/Author/131523/michael-stonebraker | organization:Massachusetts Institute of Technology
msas-2-18-6 | Jeffrey D. Ullman | http://academic.research.microsoft.com/Author/2037349/jeffrey-d-ullman | organization:Stanford University
msas-2-18-7 | Michael J. Carey | http://academic.research.microsoft.com/Author/1886126/michael-j-carey | organization:University of California Irvine
msas-2-18-8 | Rakesh Agrawal | http://academic.research.microsoft.com/Author/2209729/rakesh-agrawal | organization:Microsoft
msas-2-18-9 | Dan Suciu | http://academic.research.microsoft.com/Author/111061/dan-suciu | organization:University of Washington
msas-2-18-10 | Serge Abiteboul | http://academic.research.microsoft.com/Author/180289/serge-abiteboul | organization:The French National Institute for Research in Computer Science and Control
msas-2-18-11 | Jiawei Han (韩家炜) | http://academic.research.microsoft.com/Author/594572/jiawei-han | organization:University of Illinois Urbana Champaign
msas-2-18-12 | H. V. Jagadish | http://academic.research.microsoft.com/Author/778153/h-v-jagadish | organization:University of Michigan
msas-2-18-13 | Christos Faloutsos | http://academic.research.microsoft.com/Author/1028677/christos-faloutsos | organization:Carnegie Mellon University
msas-2-18-14 | Raghu Ramakrishnan | http://academic.research.microsoft.com/Author/1480663/raghu-ramakrishnan | organization:Microsoft
msas-2-18-15 | Michael Franklin | http://academic.research.microsoft.com/Author/1847686/michael-franklin | organization:University of California Berkeley
msas-2-18-16 | Philip A Bernstein | http://academic.research.microsoft.com/Author/254604/philip-a-bernstein | organization:Microsoft
msas-2-18-17 | Philip S. Yu | http://academic.research.microsoft.com/Author/1329/philip-s-yu | organization:University of Illinois Chicago
msas-2-18-18 | Jeffrey Naughton | http://academic.research.microsoft.com/Author/939673/jeffrey-naughton | organization:University of Wisconsin Madison
msas-2-18-19 | Divesh Srivastava | http://academic.research.microsoft.com/Author/85097/divesh-srivastava | organization:AT&T Labs Research
msas-2-18-20 | Amit P. Sheth | http://academic.research.microsoft.com/Author/10549088/amit-p-sheth | organization:Wright State University
msas-2-18-21 | Jim Gray | http://academic.research.microsoft.com/Author/195119/jim-gray | organization:Microsoft
msas-2-18-22 | Gerhard Weikum | http://academic.research.microsoft.com/Author/796710/gerhard-weikum | organization:Max Planck Gesellschaft
msas-2-18-23 | Christian S. Jensen | http://academic.research.microsoft.com/Author/11314/christian-s-jensen | organization:Aalborg University
msas-2-18-24 | Umeshwar Dayal | http://academic.research.microsoft.com/Author/1261761/umeshwar-dayal | organization:HP Labs
msas-2-18-25 | Max J. Egenhofer | http://academic.research.microsoft.com/Author/958089/max-j-egenhofer | organization:University of Maine System
msas-2-18-26 | Surajit Chaudhuri | http://academic.research.microsoft.com/Author/354306/surajit-chaudhuri | organization:Microsoft
msas-2-18-27 | Joseph Hellerstein | http://academic.research.microsoft.com/Author/2300845/joseph-hellerstein | organization:University of California Berkeley
msas-2-18-28 | Ronald Fagin | http://academic.research.microsoft.com/Author/84816/ronald-fagin | organization:IBM
msas-2-18-29 | Rajeev Motwani | http://academic.research.microsoft.com/Author/843546/rajeev-motwani | organization:Stanford University
msas-2-18-30 | Wil van der Aalst | http://academic.research.microsoft.com/Author/3313686/wil-van-der-aalst | organization:Eindhoven University of Technology
msas-2-18-31 | Elisa Bertino | http://academic.research.microsoft.com/Author/1981304/elisa-bertino | organization:Purdue University
msas-2-18-32 | Hans-Peter Kriegel | http://academic.research.microsoft.com/Author/421332/hans-peter-kriegel | organization:Ludwig Maximilian University of Munich
msas-2-18-33 | Daniela Florescu | http://academic.research.microsoft.com/Author/266949/daniela-florescu | organization:The French National Institute for Research in Computer Science and Control
msas-2-18-34 | David Maier | http://academic.research.microsoft.com/Author/398097/david-maier | organization:Portland State University
msas-2-18-35 | Stefano Ceri | http://academic.research.microsoft.com/Author/54335/stefano-ceri | organization:Politecnico di Milano
msas-2-18-36 | Richard T. Snodgrass | http://academic.research.microsoft.com/Author/300418/richard-t-snodgrass | organization:University of Arizona
msas-2-18-37 | Dimitris Papadias | http://academic.research.microsoft.com/Author/703344/dimitris-papadias | organization:Hong Kong University of Science & Technology
msas-2-18-38 | Yehoshua Sagiv | http://academic.research.microsoft.com/Author/73121/yehoshua-sagiv | organization:Hebrew University of Jerusalem
msas-2-18-39 | Sushil Jajodia | http://academic.research.microsoft.com/Author/1191292/sushil-jajodia | organization:George Mason University
msas-2-18-40 | Yannis E. Ioannidis | http://academic.research.microsoft.com/Author/1060956/yannis-e-ioannidis | organization:National and Kapodistrian University of Athens, Greece
msas-2-18-41 | Laks Lakshmanan | http://academic.research.microsoft.com/Author/871243/laks-lakshmanan | organization:University of British Columbia
msas-2-18-42 | Peter Buneman | http://academic.research.microsoft.com/Author/911161/peter-buneman | organization:University of Edinburgh
msas-2-18-43 | Miron Livny | http://academic.research.microsoft.com/Author/1037685/miron-livny | organization:University of Wisconsin Madison
msas-2-18-44 | John Mylopoulos | http://academic.research.microsoft.com/Author/61801/john-mylopoulos | organization:University of Toronto
msas-2-18-45 | Nick Koudas | http://academic.research.microsoft.com/Author/1196749/nick-koudas | organization:University of Toronto
msas-2-18-46 | Gio Wiederhold | http://academic.research.microsoft.com/Author/1418897/gio-wiederhold | organization:Stanford University
msas-2-18-47 | Maurizio Lenzerini | http://academic.research.microsoft.com/Author/539831/maurizio-lenzerini | organization:Università degli Studi di Roma La Sapienza
msas-2-18-48 | Divyakant Agrawal | http://academic.research.microsoft.com/Author/2219049/divyakant-agrawal | organization:University of California Santa Barbara
msas-2-18-49 | Amr El Abbadi | http://academic.research.microsoft.com/Author/553730/amr-el-abbadi | organization:University of California Santa Barbara
msas-2-18-50 | Timos Sellis | http://academic.research.microsoft.com/Author/169308/timos-sellis | organization:RMIT University
msas-2-18-51 | Alberto Mendelzon | http://academic.research.microsoft.com/Author/1166274/alberto-mendelzon | organization:University of Toronto
msas-2-18-52 | Yannis Papakonstantinou | http://academic.research.microsoft.com/Author/2227271/yannis-papakonstantinou | organization:University of California San Diego
msas-2-18-53 | Arthur Ter Hofstede | http://academic.research.microsoft.com/Author/470744/arthur-ter-hofstede | organization:Queensland University of Technology
msas-2-18-54 | Won Yong Kim | http://academic.research.microsoft.com/Author/1552520/won-yong-kim | organization:Hanyang University
msas-2-18-55 | Abraham Silberschatz | http://academic.research.microsoft.com/Author/54681/abraham-silberschatz | organization:Yale University
msas-2-18-56 | Yufei Tao (陶宇飞) | http://academic.research.microsoft.com/Author/450553/yufei-tao | organization:Chinese University of Hong Kong
msas-2-18-57 | Rajeev Rastogi | http://academic.research.microsoft.com/Author/188778/rajeev-rastogi | organization:Yahoo Research Labs
msas-2-18-58 | Minos Garofalakis | http://academic.research.microsoft.com/Author/11095803/minos-garofalakis | organization:Technical University of Crete
msas-2-18-59 | Hamid Pirahesh | http://academic.research.microsoft.com/Author/583177/hamid-pirahesh | organization:IBM
msas-2-18-60 | Beng Chin Ooi | http://academic.research.microsoft.com/Author/1112498/beng-chin-ooi | organization:National University of Singapore
msas-2-18-61 | C. Mohan | http://academic.research.microsoft.com/Author/153693/c-mohan | organization:IBM
msas-2-18-62 | Catriel Beeri | http://academic.research.microsoft.com/Author/74920/catriel-beeri | organization:Hebrew University of Jerusalem
msas-2-18-63 | S Muthukrishnan | http://academic.research.microsoft.com/Author/143009/s-muthukrishnan | organization:Rutgers, The State University of New Jersey
msas-2-18-64 | Carlo Zaniolo | http://academic.research.microsoft.com/Author/399229/carlo-zaniolo | organization:University of California Los Angeles
msas-2-18-65 | Shamkant Navathe | http://academic.research.microsoft.com/Author/1719773/shamkant-navathe | organization:Georgia Institute of Technology
msas-2-18-66 | Ahmed Elmagarmid | http://academic.research.microsoft.com/Author/668699/ahmed-elmagarmid | organization:Purdue University
msas-2-18-67 | Tova Milo | http://academic.research.microsoft.com/Author/2095055/tova-milo | organization:Tel Aviv University
msas-2-18-68 | Dennis Shasha | http://academic.research.microsoft.com/Author/562556/dennis-shasha | organization:New York University
msas-2-18-69 | Johannes Gehrke | http://academic.research.microsoft.com/Author/1391553/johannes-gehrke | organization:Cornell University
msas-2-18-70 | Bernhard Seeger | http://academic.research.microsoft.com/Author/183213/bernhard-seeger | organization:Philipps University Marburg
msas-2-18-71 | Dimitrios Gunopulos | http://academic.research.microsoft.com/Author/1520927/dimitrios-gunopulos | organization:National and Kapodistrian University of Athens, Greece
msas-2-18-72 | Bruce Lindsay | http://academic.research.microsoft.com/Author/48455/bruce-lindsay | organization:Pennsylvania State University
msas-2-18-73 | Luis Gravano | http://academic.research.microsoft.com/Author/723933/luis-gravano | organization:Columbia University
msas-2-18-74 | Hongjun Lu (陸宏鈞) | http://academic.research.microsoft.com/Author/1267545/hongjun-lu | organization:Hong Kong University of Science & Technology
msas-2-18-75 | Nick Roussopoulos | http://academic.research.microsoft.com/Author/1602567/nick-roussopoulos | organization:University of Maryland
msas-2-18-76 | Steffen Staab | http://academic.research.microsoft.com/Author/285967/steffen-staab | organization:University of Koblenz Landau
msas-2-18-77 | Laura M. Haas | http://academic.research.microsoft.com/Author/1408949/laura-m-haas | organization:IBM
msas-2-18-78 | Donald D. Chamberlin | http://academic.research.microsoft.com/Author/2106482/donald-d-chamberlin | organization:IBM
msas-2-18-79 | Kian-lee Tan | http://academic.research.microsoft.com/Author/398004/kian-lee-tan | organization:National University of Singapore
msas-2-18-80 | Patrick Valduriez | http://academic.research.microsoft.com/Author/1141988/patrick-valduriez | organization:The French National Institute for Research in Computer Science and Control
msas-2-18-81 | Diego Calvanese | http://academic.research.microsoft.com/Author/722031/diego-calvanese | organization:Free University of Bozen Bolzano
msas-2-18-82 | Richard Hull | http://academic.research.microsoft.com/Author/485799/richard-hull | organization:IBM
msas-2-18-83 | Susan Davidson | http://academic.research.microsoft.com/Author/654755/susan-davidson | organization:University of Pennsylvania
msas-2-18-84 | Jan Chomicki | http://academic.research.microsoft.com/Author/83416/jan-chomicki | organization:State University of New York at Buffalo
msas-2-18-85 | Kyuseok Shim (심규석) | http://academic.research.microsoft.com/Author/5061/kyuseok-shim | organization:Seoul National University
msas-2-18-86 | Matthias Jarke | http://academic.research.microsoft.com/Author/2462390/matthias-jarke | organization:Rheinisch Westfalische Technische Hochschule Aachen
msas-2-18-87 | Donald Kossmann | http://academic.research.microsoft.com/Author/610956/donald-kossmann | organization:Swiss Federal Institute of Technology Zurich
msas-2-18-88 | Clement Yu | http://academic.research.microsoft.com/Author/192577/clement-yu | organization:Columbia University
msas-2-18-89 | Fabio Casati | http://academic.research.microsoft.com/Author/1578905/fabio-casati | organization:Università degli Studi di Trento
msas-2-18-90 | Vassilis J. Tsotras | http://academic.research.microsoft.com/Author/259140/vassilis-j-tsotras | organization:University of California Riverside
msas-2-18-91 | Wenfei Fan (樊文飞) | http://academic.research.microsoft.com/Author/894283/wenfei-fan | organization:University of Edinburgh
msas-2-18-92 | Renee J. Miller | http://academic.research.microsoft.com/Author/1290394/renee-j-miller | organization:University of Toronto
msas-2-18-93 | Samuel R. Madden | http://academic.research.microsoft.com/Author/1284129/samuel-r-madden | organization:Massachusetts Institute of Technology
msas-2-18-94 | M. Tamer Ozsu | http://academic.research.microsoft.com/Author/1208183/m-tamer-ozsu | organization:University of Waterloo
msas-2-18-95 | Krithi Ramamritham | http://academic.research.microsoft.com/Author/11193/krithi-ramamritham | organization:Indian Institute of Technology Bombay
msas-2-18-96 | Kenneth Ross | http://academic.research.microsoft.com/Author/1183328/kenneth-ross | organization:Columbia University
msas-2-18-97 | Charu C. Aggarwal | http://academic.research.microsoft.com/Author/290491/charu-c-aggarwal | organization:IBM
msas-2-18-98 | Dieter Fensel | http://academic.research.microsoft.com/Author/1692018/dieter-fensel | organization:Universität Innsbruck
msas-2-18-99 | Elke A. Rundensteiner | http://academic.research.microsoft.com/Author/731631/elke-a-rundensteiner | organization:Worcester Polytechnic Institute
msas-2-18-100 | Wei Wang (王薇) | http://academic.research.microsoft.com/Author/1442048/wei-wang | organization:University of North Carolina Chapel Hill
